Date,Open,High,Low,Close
2013-01-01,1410.6,1427.9,1408.3,1415.1
2013-01-02,1421.0,1626.6,1416.15,1607.4
2013-01-03,1632.55,1673.9,1613.05,1626.2
2013-01-04,1627.75,1627.75,1574.6,1579.05
2013-01-07,1580.0,1639.5,1565.5,1595.65
2013-01-08,1600.0,1656.0,1592.8,1625.2
2013-01-09,1633.1,1635.7,1595.55,1602.95
2013-01-10,1631.0,1631.0,1589.0,1603.75
2013-01-11,1613.3,1613.35,1575.0,1581.9
2013-01-14,1588.1,1608.0,1580.0,1593.7
2013-01-15,1605.45,1605.45,1582.2,1586.95
2013-01-16,1588.05,1591.15,1570.0,1572.7
2013-01-17,1577.15,1645.8,1570.0,1599.9
2013-01-18,1609.8,1614.7,1578.55,1587.0
2013-01-21,1594.75,1621.0,1587.95,1596.9
2013-01-22,1596.95,1609.9,1572.3,1578.9
2013-01-23,1581.15,1592.5,1535.0,1556.0
2013-01-24,1558.0,1574.4,1516.15,1528.6
2013-01-25,1538.6,1603.7,1533.4,1584.6
2013-01-28,1598.95,1612.15,1561.7,1570.25
2013-01-29,1570.25,1577.95,1545.1,1549.05
2013-01-30,1555.0,1559.8,1511.6,1523.0
2013-01-31,1523.0,1530.05,1495.0,1503.7
2013-02-01,1504.0,1551.9,1500.0,1521.6
2013-02-04,1533.1,1549.0,1505.0,1508.9
2013-02-05,1502.05,1524.65,1483.15,1504.25
2013-02-06,1519.35,1531.0,1506.0,1512.65
2013-02-07,1515.0,1525.1,1490.4,1498.8
2013-02-08,1510.0,1510.0,1472.25,1485.8
2013-02-11,1498.4,1511.95,1476.0,1483.15
2013-02-12,1490.45,1505.9,1478.0,1489.55
2013-02-13,1498.3,1539.0,1480.65,1493.9
2013-02-14,1492.5,1507.9,1479.95,1481.45
2013-02-15,1479.95,1500.0,1479.95,1485.55
2013-02-18,1491.25,1513.0,1486.15,1491.45
2013-02-19,1497.95,1524.6,1486.15,1513.2
2013-02-20,1520.0,1535.0,1513.0,1518.6
2013-02-21,1514.4,1548.95,1502.05,1510.7
2013-02-22,1519.85,1519.95,1501.0,1507.65
2013-02-25,1519.05,1524.85,1420.0,1484.3
2013-02-26,1482.0,1489.9,1456.55,1463.2
2013-02-27,1477.65,1495.0,1420.5,1469.55
2013-02-28,1500.0,1500.0,1438.0,1442.15
2013-03-01,1442.0,1453.7,1415.2,1422.15
2013-03-04,1421.4,1452.0,1405.0,1428.65
2013-03-05,1446.9,1473.0,1432.0,1461.8
2013-03-06,1469.6,1504.0,1455.0,1492.1
2013-03-07,1492.1,1510.0,1474.3,1501.9
2013-03-08,1505.0,1525.0,1502.05,1508.65
2013-03-11,1505.05,1523.0,1505.0,1509.45
2013-03-12,1510.05,1605.0,1509.8,1587.9
2013-03-13,1585.0,1606.8,1544.0,1553.4
2013-03-14,1560.75,1623.95,1540.0,1599.5
2013-03-15,1609.0,1611.2,1564.0,1573.05
2013-03-18,1568.95,1588.0,1551.05,1565.65
2013-03-19,1563.95,1574.85,1497.0,1511.0
2013-03-20,1511.95,1511.95,1472.0,1485.5
2013-03-21,1498.45,1513.95,1475.0,1480.15
2013-03-22,1483.0,1498.0,1466.4,1483.45
2013-03-25,1490.1,1524.95,1470.25,1475.3
2013-03-26,1485.0,1488.0,1461.5,1470.1
2013-03-28,1478.95,1502.7,1465.5,1475.5
2013-04-01,1469.0,1512.0,1469.0,1498.9
2013-04-02,1484.0,1569.0,1484.0,1547.5
2013-04-03,1521.05,1575.0,1521.05,1535.4
2013-04-04,1533.0,1544.85,1501.0,1504.75
2013-04-05,1500.0,1552.7,1500.0,1518.7
2013-04-08,1519.0,1543.0,1510.1,1515.55
2013-04-09,1514.5,1536.0,1478.4,1502.15
2013-04-10,1505.1,1520.0,1485.0,1503.45
2013-04-11,1511.0,1534.55,1501.2,1507.3
2013-04-12,1511.0,1511.0,1490.0,1493.35
2013-04-15,1492.0,1516.0,1490.0,1500.4
2013-04-16,1507.85,1534.0,1500.4,1508.75
2013-04-17,1515.0,1527.9,1507.05,1511.35
2013-04-18,1496.0,1557.0,1496.0,1517.95
2013-04-22,1526.0,1533.2,1511.5,1528.05
2013-04-23,1530.0,1540.0,1515.1,1521.2
2013-04-25,1530.0,1534.4,1512.5,1515.35
2013-04-26,1515.3,1559.0,1502.6,1517.3
2013-04-29,1505.0,1556.0,1489.1,1542.95
2013-04-30,1540.0,1609.95,1540.0,1592.75
2013-05-02,1600.75,1641.0,1561.1,1612.45
2013-05-03,1620.0,1639.0,1600.1,1621.7
2013-05-06,1634.0,1645.0,1615.0,1630.15
2013-05-07,1637.0,1645.4,1626.4,1636.5
2013-05-08,1641.0,1679.7,1621.75,1634.3
2013-05-09,1636.3,1647.0,1622.0,1629.05
2013-05-10,1629.05,1660.25,1624.6,1636.85
2013-05-11,1649.95,1654.0,1636.95,1648.2
2013-05-13,1651.0,1674.85,1624.0,1631.65
2013-05-14,1585.1,1607.85,1558.0,1563.3
2013-05-15,1582.8,1593.0,1570.2,1573.6
2013-05-16,1559.0,1584.0,1551.15,1566.35
2013-05-17,1576.0,1576.0,1547.3,1557.25
2013-05-20,1569.4,1589.0,1541.15,1548.3
2013-05-21,1560.9,1560.9,1525.65,1534.75
2013-05-22,1542.7,1548.4,1523.65,1528.9
2013-05-23,1537.0,1537.0,1500.85,1514.0
2013-05-24,1530.0,1532.9,1512.5,1522.35
2013-05-27,1521.45,1538.0,1515.0,1520.25
2013-05-28,1515.0,1525.0,1506.0,1512.9
2013-05-29,1521.0,1533.9,1510.0,1515.75
2013-05-30,1510.0,1524.5,1488.0,1500.7
2013-05-31,1490.05,1500.0,1480.0,1486.75
2013-06-03,1485.0,1497.5,1451.0,1467.4
2013-06-04,1453.0,1509.0,1453.0,1462.15
2013-06-05,1449.0,1470.0,1449.0,1459.5
2013-06-06,1465.0,1470.0,1455.35,1463.7
2013-06-07,1466.2,1484.85,1446.0,1451.7
2013-06-10,1446.8,1460.5,1421.1,1425.6
2013-06-11,1419.0,1419.0,1370.0,1375.75
2013-06-12,1372.0,1372.2,1100.6,1100.6
2013-06-13,880.5,1098.0,880.5,1026.45
2013-06-14,1065.0,1114.0,1065.0,1091.15
2013-06-17,1106.4,1129.15,1095.6,1106.2
2013-06-18,1116.8,1135.5,1101.0,1106.05
2013-06-19,1114.4,1117.0,1080.0,1083.6
2013-06-20,1075.0,1075.0,1015.1,1048.8
2013-06-21,1045.0,1045.0,905.0,984.1
2013-06-24,980.0,982.9,948.1,959.3
2013-06-25,959.25,999.0,932.75,984.7
2013-06-26,990.0,1014.9,951.0,965.2
2013-06-27,970.9,992.95,967.15,984.15
2013-06-28,998.0,1002.9,985.3,996.9
2013-07-01,999.0,1020.9,997.95,1015.25
2013-07-02,1020.0,1030.0,993.6,999.0
2013-07-03,994.0,998.8,971.0,977.95
2013-07-04,977.0,1012.5,977.0,991.15
2013-07-05,998.8,1023.8,990.05,1000.0
2013-07-08,993.0,995.9,973.0,986.25
2013-07-09,994.9,1014.0,992.0,1000.15
2013-07-10,1012.25,1094.5,1012.25,1078.1
2013-07-11,1095.0,1109.0,1071.2,1079.1
2013-07-12,1080.2,1086.8,1052.3,1068.45
2013-07-15,1063.1,1087.9,1048.8,1075.8
2013-07-16,1066.0,1100.0,1051.7,1070.4
2013-07-17,1080.0,1117.0,1067.0,1077.1
2013-07-18,1082.25,1107.0,1055.0,1062.95
2013-07-19,1072.0,1084.8,1060.0,1066.4
2013-07-22,1072.0,1079.85,1051.15,1058.15
2013-07-23,1063.0,1076.0,1058.8,1063.15
2013-07-24,1059.95,1059.95,1018.05,1031.6
2013-07-25,1030.0,1043.9,1014.0,1019.55
2013-07-26,1023.15,1106.0,980.1,1072.85
2013-07-29,1078.4,1104.85,1057.0,1072.45
2013-07-30,1080.0,1082.0,1025.4,1042.4
2013-07-31,1030.0,1074.95,990.0,1056.7
2013-08-01,1065.0,1067.6,1022.35,1032.6
2013-08-02,1032.85,1039.65,981.0,993.0
2013-08-05,996.0,1012.0,984.1,1004.8
2013-08-06,990.0,999.0,958.35,970.25
2013-08-07,979.95,984.85,955.0,969.4
2013-08-08,971.0,996.9,961.0,966.15
2013-08-12,973.25,989.0,970.6,973.25
2013-08-13,982.2,1008.3,976.35,997.75
2013-08-14,999.0,1034.95,998.0,1020.4
2013-08-16,1012.0,1016.9,961.25,966.25
2013-08-19,967.0,983.4,956.0,963.75
2013-08-20,950.0,981.8,940.1,976.05
2013-08-21,981.4,988.35,947.45,954.65
2013-08-22,950.0,975.0,940.1,958.75
2013-08-23,966.0,968.85,952.15,956.75
2013-08-26,955.0,992.0,955.0,972.4
2013-08-27,960.05,967.7,945.0,949.1
2013-08-28,942.0,949.95,920.25,937.6
2013-08-29,949.0,958.8,938.0,941.6
2013-08-30,940.0,960.4,938.0,941.45
2013-09-02,945.0,967.0,943.0,951.2
2013-09-03,953.0,957.95,941.0,946.25
2013-09-04,950.0,956.0,939.7,943.6
2013-09-05,955.0,960.0,942.5,944.6
2013-09-06,953.4,953.4,936.0,942.75
2013-09-10,950.0,1004.9,950.0,987.2
2013-09-11,993.0,1016.9,973.45,1003.3
2013-09-12,1010.95,1054.7,1001.0,1011.6
2013-09-13,1014.0,1024.9,1001.0,1010.8
2013-09-16,1023.0,1023.0,1006.0,1012.85
2013-09-17,1012.0,1014.95,995.25,999.3
2013-09-18,999.0,1035.0,990.1,1018.1
2013-09-19,1035.0,1049.0,1022.05,1034.3
2013-09-20,1035.0,1049.8,994.95,1013.85
2013-09-23,1004.0,1038.8,1002.0,1018.75
2013-09-24,1015.0,1026.95,1001.0,1005.4
2013-09-25,1008.0,1016.2,985.95,991.5
2013-09-26,998.0,1010.0,990.0,1007.7
2013-09-27,1006.2,1020.0,1000.1,1004.45
2013-09-30,995.05,1005.0,984.15,991.2
2013-10-01,996.0,1007.9,985.0,1000.7
2013-10-03,1010.0,1032.0,1006.05,1010.5
2013-10-04,1016.0,1028.9,1005.05,1008.15
2013-10-07,1005.0,1017.7,1000.1,1008.2
2013-10-08,1014.9,1016.6,995.0,1001.0
2013-10-09,1002.0,1013.0,999.0,1006.75
2013-10-10,1008.0,1102.0,1008.0,1075.05
2013-10-11,1090.0,1124.0,1070.0,1107.25
2013-10-14,1108.0,1144.0,1105.05,1109.0
2013-10-15,1115.0,1130.0,1071.15,1076.75
2013-10-17,1076.2,1127.45,1076.2,1115.7
2013-10-18,1121.8,1133.3,1101.55,1112.6
2013-10-21,1118.0,1130.0,1105.0,1113.5
2013-10-22,1117.7,1135.0,1102.55,1105.85
2013-10-23,1108.0,1109.9,1078.0,1085.05
2013-10-24,1081.0,1157.2,1081.0,1108.35
2013-10-25,1105.0,1114.9,1070.0,1092.55
2013-10-28,1099.6,1099.7,1070.0,1074.0
2013-10-29,1079.85,1098.0,1060.0,1079.35
2013-10-30,1086.0,1108.0,1070.4,1086.5
2013-10-31,1093.95,1103.0,1085.0,1093.95
2013-11-01,1090.0,1138.0,1090.0,1124.8
2013-11-03,1133.4,1135.8,1123.0,1127.8
2013-11-05,1128.0,1159.0,1115.0,1138.55
2013-11-06,1138.55,1182.9,1124.0,1130.5
2013-11-07,1132.0,1155.95,1020.05,1054.75
2013-11-08,1060.0,1065.0,1012.0,1029.5
2013-11-11,1020.0,1036.95,1005.1,1008.9
2013-11-12,1010.0,1042.5,1002.0,1019.7
2013-11-13,1026.0,1034.5,1006.2,1012.45
2013-11-14,1015.0,1036.0,1013.45,1023.45
2013-11-18,1027.0,1038.0,1023.05,1029.15
2013-11-19,1025.0,1039.0,1025.0,1029.65
2013-11-20,1030.0,1055.0,1017.75,1027.2
2013-11-21,1030.0,1035.0,1000.0,1006.6
2013-11-22,1010.2,1037.8,990.05,996.4
2013-11-25,1001.0,1017.55,995.15,998.55
2013-11-26,1006.7,1014.3,993.0,997.55
2013-11-27,1000.0,1006.0,975.0,978.95
2013-11-28,988.0,992.75,974.0,979.4
2013-11-29,978.0,998.35,978.0,987.5
2013-12-02,988.0,1011.5,988.0,993.35
2013-12-03,994.0,1002.2,985.0,989.4
2013-12-04,985.05,1019.0,985.05,993.2
2013-12-05,1003.35,1023.9,991.8,996.4
2013-12-06,996.0,1005.0,993.0,995.1
2013-12-09,1009.0,1010.0,990.0,991.95
2013-12-10,995.0,1006.0,981.4,988.0
2013-12-11,992.9,994.8,973.55,978.15
2013-12-12,981.0,989.0,960.0,963.4
2013-12-13,955.0,969.0,953.2,956.85
2013-12-16,950.1,970.0,950.1,957.85
2013-12-17,958.1,972.0,958.1,962.8
2013-12-18,956.6,978.8,956.55,970.3
2013-12-19,975.0,978.0,958.0,961.15
2013-12-20,956.0,989.0,956.0,978.95
2013-12-23,980.0,997.7,980.0,986.8
2013-12-24,990.0,995.05,979.0,984.55
2013-12-26,980.0,1008.0,979.1,991.75
2013-12-27,992.25,999.0,985.0,987.35
2013-12-30,990.25,994.4,980.0,984.7
2013-12-31,990.0,991.0,976.0,979.7
2014-01-01,986.0,1005.0,980.3,992.45
2014-01-02,995.25,1012.4,981.0,982.6
2014-01-03,980.0,990.5,977.0,987.05
2014-01-06,990.0,994.7,982.0,984.8
2014-01-07,981.4,1030.0,981.4,1017.75
2014-01-08,1025.7,1043.0,1014.75,1028.85
2014-01-09,1034.0,1055.0,1016.2,1049.9
2014-01-10,1050.0,1090.9,1030.75,1046.75
2014-01-13,1051.95,1055.7,1012.1,1021.95
2014-01-14,1024.0,1037.7,1013.0,1017.65
2014-01-15,1016.25,1032.0,1016.0,1019.85
2014-01-16,1021.25,1024.65,990.2,993.8
2014-01-17,999.0,999.0,961.0,963.9
2014-01-20,965.0,974.25,956.1,969.95
2014-01-21,976.0,987.8,970.0,973.5
2014-01-22,984.0,989.95,945.1,951.1
2014-01-23,952.0,957.0,925.0,926.75
2014-01-24,927.7,930.9,909.0,911.8
2014-01-27,900.0,902.0,882.0,889.25
2014-01-28,882.15,903.5,882.15,891.6
2014-01-29,895.0,919.0,894.95,897.2
2014-01-30,887.95,892.0,870.05,879.75
2014-01-31,877.1,894.9,874.05,878.1
2014-02-03,873.0,891.8,873.0,877.35
2014-02-04,870.0,908.0,870.0,896.95
2014-02-05,902.0,926.15,893.95,898.0
2014-02-06,904.7,916.0,895.8,909.65
2014-02-07,915.0,928.0,910.0,914.1
2014-02-10,920.0,920.8,893.25,896.0
2014-02-11,895.05,918.9,895.05,907.7
2014-02-12,908.0,915.0,898.0,901.55
2014-02-13,907.4,907.4,878.2,880.65
2014-02-14,890.0,893.0,871.0,881.4
2014-02-17,887.65,887.65,872.5,874.45
2014-02-18,878.3,885.0,868.35,879.4
2014-02-19,884.4,915.0,884.4,904.55
2014-02-20,907.5,941.0,905.05,925.6
2014-02-21,934.0,947.2,910.5,915.6
2014-02-24,915.6,929.9,910.1,914.3
2014-02-25,921.45,930.0,907.0,909.3
2014-02-26,915.0,925.9,906.1,908.4
2014-02-28,915.75,923.0,906.2,909.75
2014-03-03,911.0,915.1,882.35,888.15
2014-03-04,894.7,933.9,894.6,913.35
2014-03-05,920.9,922.6,905.0,909.95
2014-03-06,916.9,928.0,910.35,914.95
2014-03-07,918.0,924.0,897.2,904.85
2014-03-10,908.0,924.0,901.2,905.1
2014-03-11,913.0,930.6,910.0,918.1
2014-03-12,921.85,977.0,921.85,953.75
2014-03-13,961.0,966.7,934.65,939.3
2014-03-14,937.0,938.9,923.0,930.7
2014-03-18,937.0,939.7,917.55,923.5
2014-03-19,929.9,947.0,922.5,933.1
2014-03-20,938.0,946.8,930.0,932.3
2014-03-21,932.05,944.9,932.05,935.55
2014-03-22,940.0,941.5,933.0,934.8
2014-03-24,935.0,945.0,935.0,942.0
2014-03-25,940.0,960.0,940.0,948.05
2014-03-26,949.0,956.0,918.0,927.7
2014-03-27,934.0,938.4,924.0,928.45
2014-03-28,930.5,952.0,924.0,941.85
2014-03-31,948.9,974.0,944.0,954.05
2014-04-01,958.0,1041.35,948.0,1029.25
2014-04-02,1038.5,1050.0,1010.05,1016.1
2014-04-03,1020.0,1040.0,1010.0,1018.9
2014-04-04,1026.0,1044.2,996.75,1003.3
2014-04-07,1010.85,1024.85,1000.0,1007.5
2014-04-09,1015.95,1075.0,1012.1,1049.5
2014-04-10,1055.0,1064.0,1029.0,1032.8
2014-04-11,1035.1,1052.8,1022.2,1032.45
2014-04-15,1039.65,1051.8,1020.1,1024.8
2014-04-16,1028.55,1032.65,1010.0,1012.65
2014-04-17,1017.95,1038.0,1002.5,1028.95
2014-04-21,1037.15,1047.9,1022.25,1026.1
2014-04-22,1020.15,1035.5,1016.5,1019.75
2014-04-23,1027.65,1048.8,1025.25,1038.75
2014-04-25,1044.0,1062.0,1038.35,1050.75
2014-04-28,1052.2,1057.25,1038.0,1041.4
2014-04-29,1041.4,1046.3,1021.0,1025.15
2014-04-30,1033.0,1039.95,986.0,1007.35
2014-05-02,1014.0,1022.0,1001.25,1017.0
2014-05-05,1020.0,1032.3,1011.05,1021.8
2014-05-06,1020.0,1041.0,1016.15,1023.55
2014-05-07,1021.25,1028.0,1007.0,1010.65
2014-05-08,1012.0,1019.0,996.25,1001.6
2014-05-09,995.65,1020.0,995.65,1017.1
2014-05-12,1010.5,1022.0,999.0,1004.7
2014-05-13,1013.9,1028.0,1011.1,1016.15
2014-05-14,990.0,997.0,948.85,963.35
2014-05-15,971.7,979.15,908.0,914.25
2014-05-16,920.9,936.95,901.2,905.85
2014-05-19,907.1,936.0,907.1,924.7
2014-05-20,930.0,969.0,926.0,955.05
2014-05-21,961.85,968.6,945.1,949.3
2014-05-22,945.15,962.0,939.8,945.0
2014-05-23,950.0,959.4,947.15,953.4
2014-05-26,962.45,963.85,920.0,928.25
2014-05-27,928.05,936.65,912.0,921.4
2014-05-28,916.0,929.0,916.0,920.95
2014-05-29,926.8,940.0,915.0,919.15
2014-05-30,924.1,928.7,908.0,910.95
2014-06-02,905.15,923.0,905.15,917.9
2014-06-03,925.0,942.5,918.25,928.8
2014-06-04,933.95,955.0,929.05,942.5
2014-06-05,944.0,977.0,944.0,966.35
2014-06-06,973.9,1009.0,966.35,1003.55
2014-06-09,1013.0,1038.8,1008.5,1019.1
2014-06-10,1022.0,1024.4,985.15,1002.8
2014-06-11,1005.9,1022.0,982.0,990.25
2014-06-12,990.0,1003.8,976.55,983.75
2014-06-13,990.8,993.0,952.0,956.25
2014-06-16,949.2,976.0,941.0,967.35
2014-06-17,969.7,994.0,966.0,978.4
2014-06-18,977.5,989.0,952.1,965.7
2014-06-19,967.9,979.7,957.0,970.15
2014-06-20,960.45,978.0,955.25,961.7
2014-06-23,955.2,977.95,955.2,960.05
2014-06-24,960.0,986.0,960.0,973.95
2014-06-25,979.0,991.8,969.05,973.7
2014-06-26,971.5,978.95,957.6,961.35
2014-06-27,968.75,987.0,960.1,974.25
2014-06-30,980.0,987.0,970.0,976.3
2014-07-01,980.0,997.85,976.1,984.6
2014-07-02,987.0,1002.7,987.0,992.7
2014-07-03,989.0,994.0,980.1,983.0
2014-07-04,984.0,990.0,972.95,980.9
2014-07-07,987.9,990.7,973.25,978.75
2014-07-08,979.0,985.45,944.6,950.0
2014-07-09,957.8,957.8,932.2,940.4
2014-07-10,941.0,954.0,925.0,941.45
2014-07-11,942.0,948.45,906.05,913.25
2014-07-14,920.0,932.5,912.0,926.2
2014-07-15,932.0,939.0,924.1,935.6
2014-07-16,931.5,949.0,931.5,945.1
2014-07-17,940.15,970.0,937.0,963.6
2014-07-18,959.75,983.0,952.15,965.5
2014-07-21,962.05,975.7,962.05,970.9
2014-07-22,975.45,991.3,932.2,951.75
2014-07-23,945.2,949.0,928.6,936.45
2014-07-24,942.5,945.0,930.6,933.45
2014-07-25,931.0,941.95,926.0,929.6
2014-07-28,929.0,934.9,922.2,924.6
2014-07-30,920.1,928.65,916.0,924.1
2014-07-31,924.1,941.0,920.0,928.1
2014-08-01,920.0,935.0,920.0,921.45
2014-08-04,929.0,929.4,920.65,923.65
2014-08-05,928.9,928.9,921.0,923.7
2014-08-06,921.65,932.0,921.0,925.3
2014-08-07,925.3,930.0,921.5,924.65
2014-08-08,921.0,922.05,906.1,911.3
2014-08-11,920.0,922.9,907.2,909.2
2014-08-12,915.0,915.8,908.0,911.05
2014-08-13,909.85,913.15,895.5,900.45
2014-08-14,902.0,902.0,890.0,895.55
2014-08-18,891.0,934.0,891.0,914.9
2014-08-19,919.9,920.95,908.1,911.8
2014-08-20,911.8,918.0,908.0,912.0
2014-08-21,910.25,934.0,910.25,915.35
2014-08-22,923.0,923.3,908.5,910.95
2014-08-25,910.15,923.9,905.85,909.55
2014-08-26,909.55,915.3,898.0,902.95
2014-08-27,910.0,913.05,897.25,903.3
2014-08-28,905.0,908.5,896.5,898.4
2014-09-01,905.9,905.9,896.5,898.65
2014-09-02,900.0,913.0,895.1,897.75
2014-09-03,902.0,902.0,893.0,896.9
2014-09-04,896.9,925.0,887.05,916.75
2014-09-05,918.6,929.7,909.05,917.4
2014-09-08,913.0,966.0,913.0,953.2
2014-09-09,959.35,975.0,936.1,964.7
2014-09-10,954.9,971.8,950.0,951.9
2014-09-11,953.0,977.0,945.25,959.25
2014-09-12,966.85,977.0,961.0,967.45
2014-09-15,969.0,999.0,968.0,979.85
2014-09-16,983.0,993.9,922.0,933.8
2014-09-17,943.75,954.0,926.0,946.15
2014-09-18,946.0,964.95,940.0,953.25
2014-09-19,958.9,998.0,958.0,970.25
2014-09-22,962.5,979.35,951.0,969.7
2014-09-23,966.0,979.0,940.15,944.65
2014-09-24,936.05,964.4,931.0,953.65
2014-09-25,948.3,962.35,916.55,920.0
2014-09-26,925.8,932.0,913.05,924.2
2014-09-29,929.25,934.7,915.45,920.25
2014-09-30,923.0,942.0,912.0,923.25
2014-10-01,924.0,929.8,915.0,917.05
2014-10-07,921.0,955.0,921.0,928.0
2014-10-08,930.0,943.0,921.0,927.4
2014-10-09,928.05,941.95,928.05,930.3
2014-10-10,930.0,936.45,920.0,921.95
2014-10-13,914.25,932.0,914.25,922.55
2014-10-14,917.35,928.95,917.35,921.3
2014-10-16,920.0,925.0,906.0,909.85
2014-10-17,909.85,916.35,908.15,910.25
2014-10-20,921.0,926.1,907.55,909.8
2014-10-21,915.0,954.9,907.9,942.0
2014-10-22,946.9,946.9,922.6,925.05
2014-10-23,930.9,935.05,926.0,931.55
2014-10-27,936.0,936.0,916.1,920.25
2014-10-28,912.0,927.9,911.0,916.8
2014-10-29,920.0,924.6,913.0,915.95
2014-10-30,917.0,922.85,911.0,917.25
2014-10-31,923.95,938.85,919.4,929.25
2014-11-03,925.0,939.0,925.0,927.4
2014-11-05,923.05,933.0,918.15,921.15
2014-11-07,923.8,923.95,913.2,917.2
2014-11-10,921.0,936.9,914.4,928.8
2014-11-11,930.0,933.0,917.5,920.1
2014-11-12,923.0,926.5,915.2,917.5
2014-11-13,919.45,949.85,916.2,927.5
2014-11-14,928.2,935.0,922.5,926.15
2014-11-17,927.0,984.0,923.0,969.75
2014-11-18,974.0,988.0,969.8,975.65
2014-11-19,976.2,987.0,954.6,959.4
2014-11-20,962.0,986.0,959.65,976.2
2014-11-21,980.0,983.35,956.95,962.9
2014-11-24,969.95,981.7,966.05,969.4
2014-11-25,978.0,1008.0,970.1,977.9
2014-11-26,995.0,1030.0,993.1,1009.7
2014-11-27,1012.5,1022.4,993.0,1009.6
2014-11-28,1014.0,1021.7,997.0,1004.15
2014-12-01,1005.0,1020.0,1002.0,1004.05
2014-12-02,1005.0,1005.0,990.0,1000.2
2014-12-03,1000.2,1024.9,1000.0,1014.5
2014-12-04,1014.5,1022.0,1001.7,1005.7
2014-12-05,1001.35,1027.0,1001.35,1010.05
2014-12-08,1005.0,1013.8,991.4,995.3
2014-12-09,993.0,1007.9,976.8,981.65
2014-12-10,984.8,993.6,979.0,982.3
2014-12-11,984.4,986.95,971.1,980.9
2014-12-12,980.1,1005.0,975.25,980.0
2014-12-15,972.6,981.9,970.15,974.0
2014-12-16,970.0,976.25,942.0,954.05
2014-12-17,946.2,952.95,930.0,932.7
2014-12-18,941.95,960.9,941.95,950.9
2014-12-19,969.0,973.8,955.65,959.35
2014-12-22,962.4,965.9,954.0,959.2
2014-12-23,963.7,964.9,948.0,949.95
2014-12-24,950.0,963.0,941.6,943.4
2014-12-26,944.95,950.0,936.0,939.25
2014-12-29,942.0,949.4,942.0,944.4
2014-12-30,947.4,949.85,942.0,946.5
2014-12-31,946.5,966.25,945.95,955.7
2015-01-01,954.0,963.75,936.0,957.9
2015-01-02,958.0,969.5,950.0,954.6
2015-01-05,952.0,963.05,945.55,948.6
2015-01-06,941.2,947.4,932.0,933.9
2015-01-07,932.2,943.85,923.0,926.85
2015-01-08,931.0,945.0,931.0,942.3
2015-01-09,946.0,962.0,936.0,946.0
2015-01-12,948.0,962.3,942.0,946.4
2015-01-13,948.0,960.0,941.2,948.55
2015-01-14,956.95,997.8,956.95,989.55
2015-01-15,1000.05,1008.45,987.0,992.95
2015-01-16,993.0,999.95,985.1,995.1
2015-01-19,999.0,1007.7,990.0,997.15
2015-01-20,999.0,1024.0,995.3,1009.75
2015-01-21,1013.7,1024.0,1005.1,1010.55
2015-01-22,1010.0,1038.4,1001.0,1004.9
2015-01-23,102.0,106.4,101.0,102.3
2015-01-27,99.7,105.2,97.3,102.05
2015-01-28,101.8,102.4,98.8,99.2
2015-01-29,98.5,100.0,97.1,98.75
2015-01-30,102.0,102.9,97.3,97.85
2015-02-02,98.45,101.7,97.7,98.3
2015-02-03,98.5,100.75,96.0,96.3
2015-02-04,96.8,97.4,93.8,94.35
2015-02-05,94.75,96.0,91.75,92.55
2015-02-06,92.6,92.95,90.0,90.5
2015-02-09,90.25,90.25,86.9,87.25
2015-02-10,86.75,87.75,85.1,86.55
2015-02-11,88.0,89.0,87.5,88.3
2015-02-12,89.25,98.0,89.2,95.9
2015-02-13,96.65,96.65,92.65,94.0
2015-02-16,94.5,94.9,92.3,92.75
2015-02-18,93.4,94.75,91.4,92.1
2015-02-19,92.5,93.25,91.25,92.6
2015-02-20,92.95,96.35,91.65,94.7
2015-02-23,96.0,98.95,95.05,95.45
2015-02-24,95.95,95.95,92.6,93.8
2015-02-25,95.05,96.7,92.15,92.85
2015-02-26,93.2,93.2,90.4,90.9
2015-02-27,92.2,95.4,92.0,94.75
2015-02-28,95.9,95.9,93.65,94.1
2015-03-02,95.0,95.4,93.25,94.05
2015-03-03,94.5,103.0,93.15,101.65
2015-03-04,102.05,102.9,95.2,96.2
2015-03-05,96.8,102.4,95.25,98.75
2015-03-09,97.8,100.5,96.25,98.15
2015-03-10,98.4,99.45,96.0,96.95
2015-03-11,97.4,97.5,95.65,96.0
2015-03-12,97.1,98.95,96.5,97.65
2015-03-13,97.95,97.95,95.1,95.4
2015-03-16,96.0,96.5,94.3,94.8
2015-03-17,95.25,96.4,93.2,94.35
2015-03-18,94.9,95.4,93.5,93.95
2015-03-19,94.55,94.85,93.0,93.3
2015-03-20,93.25,93.4,91.0,91.3
2015-03-23,92.0,92.0,89.7,90.15
2015-03-24,90.3,92.9,89.0,92.15
2015-03-25,93.7,94.7,88.55,89.65
2015-03-26,90.1,91.45,88.6,89.55
2015-03-27,92.45,92.5,89.15,90.0
2015-03-30,91.5,92.5,90.55,90.95
2015-03-31,91.35,92.45,90.25,90.6
2015-04-01,90.5,94.0,90.35,93.0
2015-04-06,93.25,93.7,91.55,92.05
2015-04-07,92.45,93.5,91.45,92.1
2015-04-08,92.5,93.5,91.9,92.6
2015-04-09,92.95,95.0,92.3,93.15
2015-04-10,93.15,96.4,92.9,95.75
2015-04-13,97.5,97.95,95.55,96.3
2015-04-15,96.7,96.7,93.0,93.6
2015-04-16,93.8,94.0,92.8,93.25
2015-04-17,93.1,94.3,92.25,92.5
2015-04-20,92.0,93.0,89.65,90.45
2015-04-21,90.45,91.0,89.6,90.05
2015-04-22,90.5,91.2,88.5,89.6
2015-04-23,90.25,90.75,89.0,89.65
2015-04-24,89.95,89.95,87.9,88.1
2015-04-27,87.3,88.0,86.55,86.8
2015-04-28,86.5,88.75,85.9,87.85
2015-04-29,88.2,88.9,87.5,88.05
2015-04-30,88.05,89.0,86.9,87.85
2015-05-04,88.6,89.35,88.3,89.05
2015-05-05,89.7,91.0,89.05,89.45
2015-05-06,89.5,89.75,87.05,87.7
2015-05-07,87.5,87.65,86.0,86.65
2015-05-08,87.45,87.85,86.5,87.25
2015-05-11,87.7,88.9,87.05,87.6
2015-05-12,87.6,88.0,86.5,87.15
2015-05-13,87.9,91.0,87.0,88.6
2015-05-14,89.0,90.7,87.2,90.15
2015-05-15,90.5,91.9,90.05,90.4
2015-05-18,100.0,100.4,95.8,96.25
2015-05-19,94.5,95.95,93.6,94.4
2015-05-20,94.0,95.2,92.15,92.75
2015-05-21,93.0,93.5,91.7,92.3
2015-05-22,94.2,94.2,90.4,90.85
2015-05-25,90.9,91.95,90.05,90.65
2015-05-26,90.7,93.0,89.5,89.85
2015-05-27,89.4,90.8,88.1,89.25
2015-05-28,89.3,90.45,88.75,89.55
2015-05-29,89.85,90.5,88.4,89.35
2015-06-01,89.95,90.4,88.75,89.5
2015-06-02,89.6,89.8,87.7,87.95
2015-06-03,88.0,88.0,84.9,85.8
2015-06-04,86.25,86.9,85.15,86.3
2015-06-05,87.3,87.3,85.5,86.45
2015-06-08,86.5,86.5,85.3,85.6
2015-06-09,85.05,86.5,84.9,85.65
2015-06-10,86.0,86.95,85.3,86.4
2015-06-11,87.85,87.85,85.1,85.35
2015-06-12,85.4,85.7,84.4,84.95
2015-06-15,85.1,86.4,84.8,85.4
2015-06-16,85.2,85.6,84.25,85.1
2015-06-17,85.6,86.8,84.85,86.1
2015-06-18,86.45,86.95,85.6,86.05
2015-06-19,86.25,91.9,85.85,89.65
2015-06-22,90.45,91.3,88.5,88.7
2015-06-23,88.6,90.55,88.35,89.6
2015-06-24,89.95,90.35,88.1,88.4
2015-06-25,88.0,89.4,87.3,88.3
2015-06-26,88.0,88.75,85.75,88.0
2015-06-29,86.0,86.95,84.6,86.1
2015-06-30,87.6,88.95,87.5,87.95
2015-07-01,87.95,88.9,87.15,87.85
2015-07-02,88.1,90.0,86.9,87.8
2015-07-03,87.9,88.5,87.1,87.75
2015-07-06,87.5,89.75,87.1,89.2
2015-07-07,89.7,93.4,89.0,90.7
2015-07-08,90.8,91.8,88.75,89.4
2015-07-09,89.85,90.3,89.1,89.5
2015-07-10,89.9,89.95,88.15,88.35
2015-07-13,88.4,89.9,88.15,89.35
2015-07-14,90.9,91.75,90.4,90.75
2015-07-15,91.25,91.9,90.0,90.2
2015-07-16,90.75,92.35,90.5,91.85
2015-07-17,91.25,92.45,90.5,91.8
2015-07-20,92.3,93.25,92.1,92.35
2015-07-21,90.2,90.35,87.75,88.1
2015-07-22,88.1,88.8,87.35,88.3
2015-07-23,88.65,91.25,88.15,88.7
2015-07-24,88.65,90.5,88.4,88.9
2015-07-27,88.5,88.7,87.0,87.2
2015-07-28,87.9,88.7,87.1,87.3
2015-07-29,87.9,87.9,86.4,86.55
2015-07-30,87.0,87.65,86.5,86.65
2015-07-31,87.0,88.8,86.7,87.55
2015-08-03,88.45,88.65,87.7,87.9
2015-08-04,88.25,96.35,87.9,94.1
2015-08-05,94.4,96.35,91.95,93.5
2015-08-06,93.7,96.6,92.05,93.05
2015-08-07,93.0,98.0,92.75,96.5
2015-08-10,97.6,99.3,95.5,97.0
2015-08-11,97.45,98.35,95.65,96.65
2015-08-12,96.35,97.3,94.2,95.25
2015-08-13,95.9,96.8,93.0,94.4
2015-08-14,94.55,96.1,93.6,94.35
2015-08-17,95.0,96.4,92.75,95.7
2015-08-18,103.0,107.4,101.3,102.1
2015-08-19,102.0,102.9,96.8,100.05
2015-08-20,99.0,99.4,97.0,97.55
2015-08-21,96.0,96.3,93.2,95.1
2015-08-24,92.4,92.8,87.5,88.6
2015-08-25,90.0,90.65,86.1,89.05
2015-08-26,88.5,89.85,87.5,88.85
2015-08-27,90.0,92.0,89.1,89.45
2015-08-28,90.9,91.85,89.1,89.7
2015-08-31,89.7,90.3,89.15,89.7
2015-09-01,89.35,89.8,88.0,88.9
2015-09-02,89.1,90.0,87.9,89.05
2015-09-03,89.2,91.2,89.0,90.8
2015-09-04,91.0,91.05,88.25,89.0
2015-09-07,89.0,89.95,88.0,88.95
2015-09-08,89.0,89.75,86.9,89.2
2015-09-09,90.5,93.95,89.45,92.6
2015-09-10,90.2,91.8,90.1,90.9
2015-09-11,91.8,91.95,90.1,90.85
2015-09-14,91.5,91.8,90.45,90.7
2015-09-15,90.5,90.8,89.75,90.25
2015-09-16,90.5,91.15,90.0,90.6
2015-09-18,91.0,91.7,90.6,90.9
2015-09-21,90.05,92.4,90.0,92.0
2015-09-22,94.2,96.0,92.2,93.15
2015-09-23,92.55,92.55,90.55,91.05
2015-09-24,90.55,92.7,90.55,91.15
2015-09-28,91.8,92.45,90.55,90.75
2015-09-29,90.0,91.7,89.85,91.15
2015-09-30,91.15,92.8,91.15,92.05
2015-10-01,92.75,92.75,91.4,92.25
2015-10-05,92.4,93.0,90.5,92.1
2015-10-06,92.5,94.4,91.8,92.15
2015-10-07,93.85,95.0,92.05,93.1
2015-10-08,93.0,93.95,92.15,92.35
2015-10-09,92.65,94.15,92.6,92.9
2015-10-12,93.35,93.55,91.65,92.0
2015-10-13,92.95,95.8,92.25,94.5
2015-10-14,95.8,98.4,94.6,95.05
2015-10-15,95.25,95.6,92.6,93.3
2015-10-16,93.75,94.25,92.45,92.7
2015-10-19,94.0,95.4,92.75,93.0
2015-10-20,93.4,94.8,92.65,92.95
2015-10-21,93.4,94.55,92.0,92.6
2015-10-23,92.6,93.15,90.05,90.5
2015-10-26,90.8,91.3,89.0,89.15
2015-10-27,89.0,90.4,88.5,88.95
2015-10-28,88.95,90.0,88.35,88.6
2015-10-29,89.1,90.8,88.5,88.9
2015-10-30,88.3,89.45,88.0,88.25
2015-11-02,88.8,90.0,88.05,88.35
2015-11-03,88.7,89.4,88.3,88.5
2015-11-04,88.7,89.2,87.5,87.95
2015-11-05,88.0,88.1,86.5,87.2
2015-11-06,87.1,88.2,86.1,87.4
2015-11-09,86.5,87.45,83.55,86.7
2015-11-10,86.4,89.75,86.3,88.1
2015-11-11,90.1,93.0,90.1,91.55
2015-11-13,90.1,94.3,90.0,92.05
2015-11-16,91.0,92.0,89.75,90.05
2015-11-17,90.5,93.65,90.05,91.65
2015-11-18,91.8,93.6,91.25,91.8
2015-11-19,93.0,94.1,91.5,92.2
2015-11-20,92.5,94.7,91.65,92.05
2015-11-23,92.05,92.75,90.75,91.0
2015-11-24,91.05,91.4,89.1,89.7
2015-11-26,90.1,91.45,89.5,90.05
2015-11-27,90.25,90.65,89.45,89.6
2015-11-30,90.8,90.8,89.55,89.85
2015-12-01,90.3,91.0,90.0,90.45
2015-12-02,90.8,91.0,89.7,89.85
2015-12-03,90.0,90.4,88.85,89.1
2015-12-04,88.75,89.8,88.4,88.6
2015-12-07,89.0,89.3,88.1,88.55
2015-12-08,88.9,91.2,88.15,88.85
2015-12-09,88.75,90.15,86.7,86.95
2015-12-10,87.2,88.0,86.75,87.6
2015-12-11,87.5,88.95,86.25,88.45
2015-12-14,87.8,88.35,87.1,87.5
2015-12-15,87.5,88.9,87.5,88.1
2015-12-16,88.6,89.35,87.7,88.4
2015-12-17,88.9,90.5,88.5,89.45
2015-12-18,88.8,89.5,88.6,88.75
2015-12-21,88.75,89.35,88.3,88.6
2015-12-22,89.5,89.5,88.2,88.35
2015-12-23,88.6,89.75,88.5,89.4
2015-12-24,90.7,91.2,89.9,90.65
2015-12-28,91.5,93.95,90.8,93.65
2015-12-29,93.7,98.65,92.6,96.5
2015-12-30,96.25,100.25,94.65,97.3
2015-12-31,97.3,99.1,96.0,97.65
2016-01-01,97.5,98.75,97.25,98.1
2016-01-04,97.8,97.8,95.1,95.6
2016-01-05,95.2,107.0,95.2,103.3
2016-01-06,103.0,104.7,100.65,101.45
2016-01-07,99.9,99.9,96.0,97.65
2016-01-08,98.15,111.7,96.3,109.1
2016-01-11,106.45,113.8,104.7,108.6
2016-01-12,109.2,110.65,103.2,105.15
2016-01-13,106.3,107.75,95.35,99.3
2016-01-14,96.8,102.55,95.25,98.6
2016-01-15,99.6,102.3,94.3,95.1
2016-01-18,95.0,95.4,89.7,90.45
2016-01-19,91.1,93.45,89.25,92.15
2016-01-20,90.7,93.2,88.25,90.4
2016-01-21,91.8,93.0,90.4,91.3
2016-01-22,91.7,94.4,91.7,92.7
2016-01-25,93.15,98.35,93.15,96.5
2016-01-27,97.0,99.0,96.0,96.85
2016-01-28,100.8,101.8,96.65,97.15
2016-01-29,97.85,99.7,96.15,97.5
2016-02-01,97.85,99.0,96.6,97.5
2016-02-02,97.6,98.8,92.8,93.8
2016-02-03,92.8,95.8,91.85,93.25
2016-02-04,94.0,94.95,91.05,91.85
2016-02-05,92.1,94.0,91.7,93.0
2016-02-08,92.5,94.0,92.5,92.9
2016-02-09,92.25,92.8,91.3,91.7
2016-02-10,91.0,92.05,86.55,87.7
2016-02-11,87.65,87.7,84.2,84.9
2016-02-12,84.65,86.75,82.35,85.75
2016-02-15,86.5,89.4,86.5,87.5
2016-02-16,87.9,88.2,84.95,85.25
2016-02-17,85.25,85.25,81.3,83.55
2016-02-18,84.3,85.3,82.55,83.6
2016-02-19,84.0,88.45,83.9,87.55
2016-02-22,87.85,88.2,86.65,87.0
2016-02-23,87.0,87.4,85.15,85.75
2016-02-24,85.3,86.0,83.5,85.0
2016-02-25,85.25,86.0,84.1,84.65
2016-02-26,85.1,85.75,83.2,83.6
2016-02-29,83.6,85.3,82.6,83.45
2016-03-01,83.35,86.75,83.35,85.45
2016-03-02,86.4,88.0,86.0,87.0
2016-03-03,87.4,89.9,87.0,87.8
2016-03-04,87.6,89.3,87.05,88.2
2016-03-08,88.0,90.2,87.2,88.5
2016-03-09,88.35,88.95,87.55,88.5
2016-03-10,88.5,88.9,87.3,87.95
2016-03-11,88.0,91.8,87.55,90.45
2016-03-14,92.2,93.3,90.55,91.1
2016-03-15,91.0,91.75,89.1,89.7
2016-03-16,89.45,90.5,88.2,89.3
2016-03-17,89.95,91.25,88.3,88.85
2016-03-18,90.5,91.2,88.25,90.15
2016-03-21,90.0,90.9,89.4,90.35
2016-03-22,90.6,93.45,90.25,91.6
2016-03-23,91.2,92.95,90.2,90.65
2016-03-28,90.7,90.8,88.05,88.5
2016-03-29,88.1,89.55,87.4,87.7
2016-03-30,88.45,90.9,88.15,88.95
2016-03-31,90.5,90.9,89.2,89.6
2016-04-01,89.1,93.0,89.1,91.95
2016-04-04,92.05,95.6,91.1,94.95
2016-04-05,94.45,95.8,91.0,91.8
2016-04-06,92.45,94.6,91.7,93.4
2016-04-07,93.9,93.9,91.0,91.55
2016-04-08,91.5,91.8,90.1,90.85
2016-04-11,90.9,91.5,90.15,90.65
2016-04-12,90.8,91.5,90.1,90.35
2016-04-13,91.05,91.75,90.35,90.75
2016-04-18,90.7,91.9,90.55,91.15
2016-04-20,91.3,92.9,91.0,92.2
2016-04-21,92.65,93.0,90.6,90.95
2016-04-22,91.0,92.9,90.45,91.65
2016-04-25,91.9,92.25,90.35,91.75
2016-04-26,93.0,93.4,92.2,92.75
2016-04-27,93.0,94.9,92.4,94.25
2016-04-28,93.7,94.05,91.55,91.9
2016-04-29,92.2,92.4,90.1,91.2
2016-05-02,90.55,91.1,90.45,90.75
2016-05-03,91.8,92.9,90.85,91.15
2016-05-04,90.9,91.4,89.5,89.9
2016-05-05,89.8,90.5,89.4,89.95
2016-05-06,89.7,90.25,89.4,89.85
2016-05-09,91.15,91.7,90.2,91.3
2016-05-10,91.45,91.9,90.5,90.75
2016-05-11,89.8,91.0,89.4,90.3
2016-05-12,90.5,91.4,90.4,90.9
2016-05-13,90.65,91.8,90.25,91.35
2016-05-16,91.9,93.25,90.95,91.9
2016-05-17,90.05,90.5,88.6,88.9
2016-05-18,89.25,89.5,88.35,89.0
2016-05-19,89.0,89.4,88.0,88.1
2016-05-20,88.1,88.4,87.4,87.65
2016-05-23,88.0,88.4,86.75,87.05
2016-05-24,87.4,87.65,85.2,85.85
2016-05-25,86.85,87.35,85.95,86.95
2016-05-26,87.4,87.4,86.6,86.95
2016-05-27,86.7,88.5,86.7,87.8
2016-05-30,88.0,89.15,88.0,88.45
2016-05-31,88.9,89.5,87.0,87.7
2016-06-01,87.9,88.25,87.25,87.7
2016-06-02,87.7,87.85,87.05,87.4
2016-06-03,87.7,89.9,87.4,87.9
2016-06-06,88.65,88.65,87.5,87.75
2016-06-07,88.1,88.8,87.55,88.2
2016-06-08,88.3,90.8,87.95,90.05
2016-06-09,92.05,94.4,91.0,91.7
2016-06-10,91.5,92.45,90.2,90.75
2016-06-13,90.05,105.4,89.65,101.8
2016-06-14,102.3,104.7,99.25,100.15
2016-06-15,100.6,103.2,99.3,99.95
2016-06-16,100.25,102.5,98.5,99.95
2016-06-17,100.5,106.4,100.3,102.5
2016-06-20,101.4,103.5,99.85,100.45
2016-06-21,101.4,101.9,98.1,98.45
2016-06-22,98.9,109.7,98.2,107.55
2016-06-23,105.9,106.4,102.05,102.65
2016-06-24,97.75,100.0,95.7,98.8
2016-06-27,99.0,105.45,98.95,103.95
2016-06-28,103.95,107.5,103.5,104.35
2016-06-29,105.5,108.5,104.95,105.6
2016-06-30,106.6,108.25,105.25,105.75
2016-07-01,106.5,114.95,106.1,114.25
2016-07-04,114.3,116.4,112.5,113.0
2016-07-05,113.0,115.65,111.55,114.0
2016-07-07,113.1,118.25,112.75,115.7
2016-07-08,114.75,115.45,112.6,113.25
2016-07-11,114.4,116.7,113.5,114.05
2016-07-12,114.85,116.75,113.8,114.35
2016-07-13,114.8,116.7,114.05,115.15
2016-07-14,115.55,119.45,115.15,117.55
2016-07-15,118.4,119.9,116.3,117.2
2016-07-18,117.5,119.7,114.5,115.65
2016-07-19,115.85,117.5,113.35,115.45
2016-07-20,115.35,117.5,115.15,116.05
2016-07-21,116.7,117.4,113.2,113.6
2016-07-22,114.05,114.9,111.75,112.4
2016-07-25,112.65,116.8,110.8,116.5
2016-07-26,116.8,117.65,113.1,113.75
2016-07-27,113.75,121.4,112.5,117.9
2016-07-28,118.9,123.8,117.15,121.85
2016-07-29,122.0,123.5,119.1,119.7
2016-08-01,119.9,122.1,117.25,118.9
2016-08-02,119.2,121.0,115.5,116.4
2016-08-03,116.7,116.9,112.5,113.35
2016-08-04,114.3,115.5,111.55,112.1
2016-08-05,113.0,116.0,111.8,115.45
2016-08-08,125.2,131.3,124.5,126.65
2016-08-09,126.5,127.65,123.5,124.2
2016-08-10,124.45,126.0,120.9,121.7
2016-08-11,121.25,124.45,118.1,120.85
2016-08-12,121.6,125.8,121.2,122.4
2016-08-16,122.3,124.2,121.0,121.5
2016-08-17,121.35,123.95,121.35,122.3
2016-08-18,122.8,125.15,122.5,123.85
2016-08-19,124.1,132.5,121.75,130.35
2016-08-22,129.8,130.0,126.55,127.6
2016-08-23,127.6,130.9,126.8,129.45
2016-08-24,129.5,135.7,129.5,133.55
2016-08-25,134.0,134.45,130.5,131.25
2016-08-26,131.35,131.95,127.2,127.8
2016-08-29,127.7,130.8,125.4,128.35
2016-08-30,128.5,131.25,128.5,129.75
2016-08-31,129.75,132.0,127.65,128.2
2016-09-01,128.2,130.5,126.15,126.8
2016-09-02,127.45,129.7,127.35,127.75
2016-09-06,128.35,129.5,127.25,128.1
2016-09-07,128.4,131.6,126.8,128.3
2016-09-08,128.7,129.7,126.85,127.3
2016-09-09,128.0,129.0,124.95,125.4
2016-09-12,122.0,124.3,119.55,120.35
2016-09-14,121.45,124.5,120.7,122.95
2016-09-15,123.0,124.75,122.4,123.7
2016-09-16,127.25,128.7,123.5,124.75
2016-09-19,125.4,125.75,123.65,124.0
2016-09-20,124.95,125.9,123.65,124.1
2016-09-21,125.4,128.0,124.6,125.7
2016-09-22,127.0,129.0,126.8,127.55
2016-09-23,128.0,131.0,126.85,127.4
2016-09-26,127.0,128.0,124.6,125.65
2016-09-27,126.0,127.0,124.5,126.1
2016-09-28,127.0,131.4,126.4,129.35
2016-09-29,130.05,131.2,118.1,121.8
2016-09-30,121.8,125.1,121.3,123.3
2016-10-03,123.95,127.0,123.95,125.6
2016-10-04,126.5,126.55,124.4,125.25
2016-10-05,125.5,133.95,124.65,132.1
2016-10-06,133.1,135.95,129.55,131.2
2016-10-07,132.0,133.95,130.0,130.75
2016-10-10,131.55,132.75,131.0,131.75
2016-10-13,131.0,131.6,127.1,128.9
2016-10-14,129.5,138.5,127.5,137.4
2016-10-17,138.5,143.0,136.55,142.0
2016-10-18,142.75,145.0,142.55,144.15
2016-10-19,145.0,147.75,144.0,146.6
2016-10-20,149.6,150.0,140.1,141.55
2016-10-21,141.5,142.15,136.65,137.2
2016-10-24,137.0,138.4,134.55,134.9
2016-10-25,133.5,133.5,129.35,130.65
2016-10-26,130.85,133.0,129.55,130.6
2016-10-27,128.0,128.7,124.7,126.2
2016-10-28,126.95,129.35,126.6,128.15
2016-10-30,129.85,130.05,128.25,128.8
2016-11-01,129.0,131.6,127.1,129.5
2016-11-02,127.9,127.9,125.2,125.7
2016-11-03,125.1,128.2,123.0,124.85
2016-11-04,124.05,124.05,118.85,119.8
2016-11-07,121.0,123.95,120.5,122.55
2016-11-08,123.35,124.95,122.75,123.7
2016-11-09,110.4,121.65,108.25,119.75
2016-11-10,123.8,123.95,122.15,123.25
2016-11-11,122.0,122.0,116.1,117.35
2016-11-15,119.0,119.0,111.7,112.7
2016-11-16,117.2,118.0,113.0,113.65
2016-11-17,114.0,115.6,112.2,112.85
2016-11-18,114.85,114.85,112.55,113.15
2016-11-21,113.2,113.95,107.35,108.45
2016-11-22,108.8,110.5,107.1,108.25
2016-11-23,109.3,113.15,107.1,111.7
2016-11-24,111.5,114.65,109.9,112.85
2016-11-25,114.0,116.5,113.0,115.85
2016-11-28,114.7,117.8,114.5,116.25
2016-11-29,117.0,117.95,115.25,116.8
2016-11-30,117.0,118.1,115.6,116.45
2016-12-01,117.0,117.15,114.35,115.8
2016-12-02,115.8,115.8,113.25,114.15
2016-12-05,113.3,118.65,113.3,117.9
2016-12-06,117.9,120.8,116.7,119.55
2016-12-07,120.3,120.45,116.35,117.1
2016-12-08,118.2,120.4,117.5,117.9
2016-12-09,118.95,119.9,117.05,117.9
2016-12-12,118.25,118.45,115.5,116.25
2016-12-13,117.15,117.8,115.2,115.75
2016-12-14,116.9,116.9,112.2,113.45
2016-12-15,112.9,115.9,112.1,115.2
2016-12-16,115.2,115.75,114.3,115.15
2016-12-19,115.85,115.85,113.05,113.4
2016-12-20,115.15,117.2,114.45,116.3
2016-12-21,116.0,116.95,113.1,113.75
2016-12-22,114.0,114.0,111.3,112.05
2016-12-23,112.25,114.9,111.35,113.7
2016-12-26,113.9,113.9,108.4,109.75
2016-12-27,110.95,111.4,108.85,109.7
2016-12-28,110.0,112.4,110.0,111.25
2016-12-29,111.25,112.7,109.3,111.5
2016-12-30,111.5,114.1,111.5,113.4
2017-01-02,113.7,116.75,113.05,115.3
2017-01-03,115.5,118.0,115.3,116.9
2017-01-04,117.9,117.9,115.4,115.7
2017-01-05,116.05,117.5,114.8,115.0
2017-01-06,116.2,117.75,114.55,114.9
2017-01-09,115.4,115.7,113.5,113.9
2017-01-10,114.0,115.8,114.0,114.95
2017-01-11,115.9,116.35,114.5,115.15
2017-01-12,115.2,117.4,114.9,115.25
2017-01-13,117.9,123.9,117.3,122.3
2017-01-16,122.5,124.5,120.4,121.35
2017-01-17,121.75,122.8,120.8,121.45
2017-01-18,122.4,124.8,122.2,123.65
2017-01-19,123.45,124.5,122.55,123.4
2017-01-20,123.0,123.9,120.65,121.5
2017-01-23,121.75,125.7,121.75,123.8
2017-01-24,125.0,125.15,123.6,123.9
2017-01-25,124.0,127.1,124.0,125.75
2017-01-27,126.9,127.7,125.6,126.45
2017-01-30,124.8,126.8,121.15,124.9
2017-01-31,124.8,125.5,122.25,123.75
2017-02-01,123.65,124.4,121.5,122.75
2017-02-02,123.3,125.7,122.6,123.0
2017-02-03,123.0,126.25,122.6,124.95
2017-02-06,125.0,126.2,124.5,124.7
2017-02-07,124.95,126.45,122.3,123.7
2017-02-08,123.95,126.5,123.75,125.95
2017-02-09,125.95,129.4,125.8,128.65
2017-02-10,129.05,132.0,128.9,129.65
2017-02-13,129.95,130.75,126.5,127.5
2017-02-14,127.05,127.85,121.05,121.75
2017-02-15,121.1,122.5,115.85,117.5
2017-02-16,118.4,120.2,116.7,119.7
2017-02-17,120.0,122.5,120.0,121.4
2017-02-20,121.95,124.1,121.2,122.75
2017-02-21,122.7,124.4,122.25,122.75
2017-02-22,123.0,123.8,121.45,121.9
2017-02-23,122.2,122.6,120.2,120.6
2017-02-27,120.75,121.9,119.65,119.95
2017-02-28,120.0,123.5,119.85,122.65
2017-03-01,123.25,125.5,122.7,124.0
2017-03-02,125.0,127.0,121.5,122.1
2017-03-03,122.5,125.1,121.4,123.75
2017-03-06,123.8,125.25,123.55,124.9
2017-03-07,124.9,125.0,122.1,123.05
2017-03-08,123.05,123.75,121.7,122.1
2017-03-09,122.0,122.7,121.0,121.55
2017-03-10,122.9,122.9,120.2,120.75
2017-03-14,122.0,123.2,120.15,121.05
2017-03-15,121.65,122.5,120.0,120.35
2017-03-16,121.35,124.8,121.3,122.7
2017-03-17,123.0,123.8,122.4,123.05
2017-03-20,124.0,125.8,122.9,124.85
2017-03-21,124.95,126.5,123.7,124.3
2017-03-22,123.45,124.2,121.4,121.6
2017-03-23,121.6,126.3,121.6,124.85
2017-03-24,124.9,127.9,124.5,125.15
2017-03-27,125.6,132.2,124.0,127.4
2017-03-28,128.5,129.6,126.1,126.8
2017-03-29,127.4,127.4,124.6,125.0
2017-03-30,125.25,126.7,124.15,125.2
2017-03-31,125.1,127.75,124.75,126.2
2017-04-03,127.3,127.5,125.55,126.55
2017-04-05,126.55,127.35,125.1,125.4
2017-04-06,125.5,129.5,125.5,127.15
2017-04-07,127.0,128.8,125.4,126.25
2017-04-10,126.3,127.25,125.5,126.0
2017-04-11,126.0,128.75,126.0,127.8
2017-04-12,130.5,130.5,126.0,126.25
2017-04-13,126.45,128.3,125.5,125.85
2017-04-17,126.9,126.9,124.7,124.95
2017-04-18,125.8,127.4,124.5,126.25
2017-04-19,125.5,128.0,125.35,126.9
2017-04-20,127.45,128.2,124.95,125.9
2017-04-21,126.3,127.0,124.3,124.65
2017-04-24,125.2,126.0,124.15,124.5
2017-04-25,125.0,125.8,123.5,124.1
2017-04-26,124.2,127.55,124.2,125.05
2017-04-27,125.25,125.5,123.8,124.15
2017-04-28,125.0,126.5,124.05,126.05
2017-05-02,126.45,129.4,125.0,127.25
2017-05-03,128.0,128.95,126.1,128.25
2017-05-04,128.55,129.9,125.9,126.15
2017-05-05,126.55,130.75,125.3,129.8
2017-05-08,130.95,135.5,130.6,133.1
2017-05-09,133.5,135.0,131.6,132.55
2017-05-10,133.45,133.7,131.25,131.9
2017-05-11,132.45,132.65,129.55,129.95
2017-05-12,130.4,130.85,126.15,129.1
2017-05-15,130.6,131.4,128.6,130.1
2017-05-16,130.75,132.0,129.05,131.05
2017-05-17,131.8,131.8,129.6,130.2
2017-05-18,129.2,132.25,128.9,130.3
2017-05-19,139.0,139.0,132.75,134.5
2017-05-22,136.0,136.5,130.5,131.35
2017-05-23,132.3,132.3,126.5,128.8
2017-05-24,128.8,128.8,123.2,124.25
2017-05-25,124.4,127.3,124.4,126.75
2017-05-26,127.8,130.75,126.65,130.05
2017-05-29,130.8,130.8,126.05,126.85
2017-05-30,126.85,127.1,125.0,125.55
2017-05-31,125.8,128.4,125.8,126.9
2017-06-01,126.6,131.1,126.6,128.75
2017-06-02,128.85,131.2,128.85,129.5
2017-06-05,129.55,130.9,128.5,129.9
2017-06-06,129.05,130.1,127.2,127.65
2017-06-07,128.15,130.2,127.5,128.8
2017-06-08,128.9,129.35,127.5,127.85
2017-06-09,127.6,128.2,126.05,127.35
2017-06-12,126.9,129.4,126.2,126.75
2017-06-13,126.95,130.65,126.9,129.45
2017-06-14,129.3,136.75,128.3,135.1
2017-06-15,135.9,137.4,133.1,134.45
2017-06-16,134.5,137.4,133.65,134.2
2017-06-19,134.35,135.6,132.55,132.95
2017-06-20,133.35,134.3,130.85,131.1
2017-06-21,130.9,133.4,129.55,130.85
2017-06-22,131.25,132.1,129.0,129.45
2017-06-23,130.8,130.8,127.1,128.35
2017-06-27,127.7,129.45,126.1,127.6
2017-06-28,127.5,128.4,126.65,127.45
2017-06-29,127.95,129.45,127.7,128.55
2017-06-30,126.75,129.9,126.35,128.9
2017-07-03,129.2,134.25,128.5,133.45
2017-07-04,135.6,137.0,133.5,133.8
2017-07-05,137.0,145.0,135.25,141.25
2017-07-06,142.0,144.3,139.5,140.15
2017-07-07,140.8,144.15,140.15,142.75
2017-07-10,150.0,150.0,143.0,146.75
2017-07-11,147.45,150.5,144.45,145.5
2017-07-12,146.0,147.05,143.1,145.05
2017-07-13,146.25,146.35,143.25,144.4
2017-07-14,144.4,144.7,141.5,142.9
2017-07-17,143.5,145.9,142.0,143.1
2017-07-18,142.95,142.95,138.0,138.25
2017-07-19,138.95,142.35,138.3,141.3
2017-07-20,140.5,141.75,138.4,138.9
2017-07-21,138.95,139.9,137.2,138.55
2017-07-24,138.75,140.4,136.55,137.55
2017-07-25,137.9,139.15,136.55,137.25
2017-07-26,137.35,139.25,136.5,136.85
2017-07-27,137.25,138.5,130.9,132.7
2017-07-28,130.1,130.95,128.7,129.1
2017-07-31,129.85,130.3,128.75,129.2
2017-08-01,129.75,131.6,128.9,130.4
2017-08-02,130.8,131.15,127.85,128.4
2017-08-03,128.95,129.0,127.25,127.7
2017-08-04,128.35,128.35,126.9,127.15
2017-08-07,127.45,128.4,126.75,127.8
2017-08-08,128.1,128.1,125.55,126.0
2017-08-09,126.0,126.25,121.5,122.1
2017-08-10,121.75,122.95,119.0,119.7
2017-08-11,119.65,120.9,117.0,119.15
2017-08-14,120.6,127.0,120.6,125.85
2017-08-16,126.0,134.5,125.95,132.65
2017-08-17,133.0,137.5,131.0,133.85
2017-08-18,132.7,137.5,129.3,135.1
2017-08-21,136.7,142.1,136.0,137.35
2017-08-22,138.75,139.9,132.05,132.9
2017-08-23,133.75,135.0,132.45,134.15
2017-08-24,134.2,134.45,131.5,132.05
2017-08-28,132.0,135.65,131.5,132.3
2017-08-29,131.6,134.5,130.7,132.55
2017-08-30,132.85,136.45,131.95,135.8
2017-08-31,136.1,139.8,136.0,138.05
2017-09-01,137.8,140.75,137.5,139.8
2017-09-04,139.0,141.4,137.65,140.7
2017-09-05,141.0,145.6,140.4,144.2
2017-09-06,144.0,154.0,142.4,151.6
2017-09-07,153.85,155.0,147.5,148.65
2017-09-08,149.0,153.3,146.55,147.75
2017-09-11,148.75,152.65,148.0,150.05
2017-09-12,170.0,174.9,162.2,163.4
2017-09-13,164.65,165.5,157.0,157.9
2017-09-14,158.7,164.5,155.1,162.6
2017-09-15,162.2,164.4,157.2,161.15
2017-09-18,162.55,163.7,160.0,161.15
2017-09-19,162.25,163.0,159.5,160.65
2017-09-20,161.65,161.65,156.8,157.45
2017-09-21,158.0,160.5,155.25,157.55
2017-09-22,156.0,157.35,150.5,151.45
2017-09-25,152.3,152.3,143.4,146.85
2017-09-26,146.8,153.9,146.8,152.45
2017-09-27,154.35,154.35,146.8,148.05
2017-09-28,148.45,150.9,146.3,148.4
2017-09-29,149.0,154.65,148.15,151.75
2017-10-03,154.0,154.4,150.2,151.35
2017-10-04,150.2,152.3,149.5,150.2
2017-10-05,150.2,155.6,150.2,153.25
2017-10-06,153.95,159.4,153.55,158.15
2017-10-09,159.0,160.35,155.75,156.65
2017-10-10,157.2,158.5,155.0,155.3
2017-10-11,155.6,160.6,153.9,155.5
2017-10-12,156.0,158.0,154.1,154.9
2017-10-13,155.45,159.25,154.65,155.25
2017-10-16,156.7,156.7,153.25,154.0
2017-10-17,154.6,156.15,153.0,153.5
2017-10-18,153.7,154.5,152.1,152.8
2017-10-19,153.4,155.2,152.0,152.85
2017-10-23,153.45,153.8,148.85,149.95
2017-10-24,150.1,153.0,150.0,150.85
2017-10-25,151.95,152.5,149.15,149.65
2017-10-26,149.65,152.95,149.25,150.75
2017-10-27,150.85,157.4,150.6,156.8
2017-10-30,158.3,164.3,156.65,160.2
2017-10-31,161.0,165.7,157.45,162.4
2017-11-01,162.7,165.0,161.0,162.2
2017-11-02,162.2,165.5,159.7,160.8
2017-11-03,161.25,162.9,158.1,159.2
2017-11-06,158.25,163.0,158.25,159.35
2017-11-07,160.5,162.85,155.1,157.0
2017-11-08,153.0,153.05,147.1,147.8
2017-11-09,148.0,151.3,145.25,147.65
2017-11-10,147.0,150.65,145.25,146.65
2017-11-13,147.0,147.6,142.85,143.6
2017-11-14,143.5,144.8,141.25,143.6
2017-11-15,143.0,146.4,140.6,141.6
2017-11-16,142.0,146.75,142.0,145.1
2017-11-17,146.0,148.45,144.6,147.15
2017-11-20,148.0,155.0,146.15,154.05
2017-11-21,155.5,166.4,155.2,161.1
2017-11-22,161.5,162.25,156.65,160.0
2017-11-23,160.05,162.3,157.3,158.75
2017-11-24,160.0,161.5,158.8,159.35
2017-11-27,159.75,163.0,158.0,161.65
2017-11-28,162.45,177.3,161.7,175.65
2017-11-29,177.7,183.5,170.1,171.2
2017-11-30,168.0,178.45,167.5,174.3
2017-12-01,175.2,180.55,168.8,171.25
2017-12-04,172.5,172.8,163.6,164.2
2017-12-05,164.5,164.7,158.4,160.05
2017-12-06,159.0,164.8,158.0,160.05
2017-12-07,161.5,165.85,160.4,163.6
2017-12-08,164.4,165.9,161.1,161.9
2017-12-11,162.8,166.9,160.5,165.3
2017-12-12,165.5,165.85,160.9,161.5
2017-12-13,161.5,164.6,158.4,158.9
2017-12-14,159.95,160.45,153.7,157.2
2017-12-15,159.6,161.65,158.15,159.55
2017-12-18,159.95,162.8,152.6,159.6
2017-12-19,160.15,163.0,160.15,161.85
2017-12-20,161.95,168.7,161.95,164.95
2017-12-21,165.8,166.0,163.0,163.75
2017-12-22,164.1,167.9,162.9,164.6
2017-12-26,164.2,168.9,164.1,166.95
2017-12-27,167.8,170.5,164.15,165.75
2017-12-28,165.65,166.95,164.0,164.45
2017-12-29,165.0,169.35,162.1,166.95
2018-01-01,167.0,168.4,163.6,164.7
2018-01-02,164.95,168.1,163.1,165.0
2018-01-03,165.95,168.05,165.3,165.7
2018-01-04,166.0,167.8,164.6,166.0
2018-01-05,166.6,171.0,166.6,167.7
2018-01-08,168.45,169.75,166.5,167.55
2018-01-09,168.0,173.4,165.25,170.0
2018-01-10,170.05,172.5,167.25,168.85
2018-01-11,169.1,172.8,168.2,169.15
2018-01-12,170.2,172.85,167.1,169.7
2018-01-15,170.3,171.3,168.2,168.5
2018-01-16,168.5,169.0,161.5,162.6
2018-01-17,163.0,163.0,158.25,159.7
2018-01-18,160.25,162.95,154.1,156.4
2018-01-19,156.95,160.5,156.2,159.9
2018-01-22,160.0,162.95,159.55,160.75
2018-01-23,162.0,162.0,157.4,158.55
2018-01-24,158.7,160.35,157.4,157.85
2018-01-25,158.5,162.0,156.2,158.05
2018-01-29,157.0,158.0,149.6,150.5
2018-01-30,152.0,152.2,144.8,145.5
2018-01-31,146.45,147.35,142.55,142.95
2018-02-01,143.05,147.35,137.75,145.35
2018-02-02,143.8,143.9,136.05,138.85
2018-02-05,135.0,137.8,132.75,135.6
2018-02-06,131.9,133.8,124.5,132.7
2018-02-07,134.65,138.5,134.65,136.8
2018-02-08,137.2,142.7,136.5,140.45
2018-02-09,137.0,140.5,137.0,138.8
2018-02-12,140.45,143.8,140.0,142.5
2018-02-14,143.85,145.0,141.0,141.2
2018-02-15,142.9,144.15,138.95,139.5
2018-02-16,140.45,141.2,137.15,137.9
2018-02-19,137.9,138.1,134.0,134.8
2018-02-20,134.8,136.4,133.3,134.0
2018-02-21,134.6,135.2,132.0,132.8
2018-02-22,131.8,134.3,131.55,133.0
2018-02-23,133.95,136.0,133.2,135.35
2018-02-26,135.9,136.8,131.25,132.15
2018-02-27,133.1,134.75,132.2,132.95
2018-02-28,132.0,133.15,131.55,131.9
2018-03-01,132.2,133.1,131.0,131.35
2018-03-05,130.5,131.4,128.0,128.6
2018-03-06,129.05,130.35,124.1,125.05
2018-03-07,125.0,125.35,123.0,124.15
2018-03-08,124.6,125.6,122.0,123.85
2018-03-09,124.1,127.0,122.0,122.4
2018-03-12,123.55,124.0,120.05,121.55
2018-03-13,121.75,124.0,121.15,122.4
2018-03-14,121.6,126.0,121.5,124.25
2018-03-15,123.5,124.9,121.5,121.75
2018-03-16,122.3,123.65,121.25,121.95
2018-03-19,122.0,122.4,118.0,118.65
2018-03-20,118.45,119.7,117.9,118.4
2018-03-21,121.5,121.5,117.3,118.0
2018-03-22,118.1,119.0,116.2,116.9
2018-03-23,114.0,116.8,113.55,114.95
2018-03-26,114.75,114.9,112.0,112.8
2018-03-27,113.8,116.7,113.45,113.85
2018-03-28,113.95,114.8,112.6,113.0
2018-04-02,114.0,122.35,113.2,121.4
2018-04-03,121.25,122.9,119.15,122.35
2018-04-04,122.6,127.5,122.1,123.1
2018-04-05,124.5,126.35,124.05,125.15
2018-04-06,125.35,126.3,124.5,125.85
2018-04-09,125.85,128.0,125.65,126.45
2018-04-10,127.8,128.0,125.9,127.35
2018-04-11,127.15,127.6,123.85,125.6
2018-04-12,125.05,129.25,124.85,127.6
2018-04-13,127.65,128.9,126.2,126.9
2018-04-16,125.5,126.8,125.0,126.05
2018-04-17,126.4,131.4,126.25,130.15
2018-04-18,131.0,134.7,129.1,130.8
2018-04-19,131.8,132.45,129.4,131.9
2018-04-20,131.4,134.0,130.1,132.8
2018-04-23,132.65,133.25,130.0,130.6
2018-04-24,130.3,132.5,130.0,130.55
2018-04-25,130.1,135.5,129.8,132.6
2018-04-26,133.3,134.6,131.0,132.7
2018-04-27,133.35,133.7,131.2,132.0
2018-04-30,132.0,137.45,131.8,135.85
2018-05-02,135.6,136.9,131.55,132.65
2018-05-03,132.05,133.95,130.05,131.6
2018-05-04,130.85,132.8,130.2,132.15
2018-05-07,133.0,135.0,131.1,133.3
2018-05-08,127.95,128.0,123.25,123.95
2018-05-09,123.0,125.8,122.55,123.95
2018-05-10,125.0,125.0,120.2,120.9
2018-05-11,121.65,123.0,120.0,120.4
2018-05-14,121.0,121.45,118.05,119.3
2018-05-15,118.8,119.6,115.0,115.7
2018-05-16,115.7,116.2,114.1,115.2
2018-05-17,116.0,116.9,114.75,115.35
2018-05-18,116.0,116.0,113.4,113.85
2018-05-21,115.0,115.0,110.1,110.7
2018-05-22,110.65,112.0,109.15,110.9
2018-05-23,110.45,113.4,110.2,111.65
2018-05-24,112.2,112.2,109.8,110.6
2018-05-25,110.3,114.9,110.05,113.75
2018-05-28,113.75,117.7,112.85,116.9
2018-05-29,117.0,118.2,113.8,116.45
2018-05-30,115.7,117.0,114.55,116.0
2018-05-31,116.8,119.5,115.5,117.6
2018-06-01,118.95,119.5,114.7,115.85
2018-06-04,116.2,116.8,114.0,115.0
2018-06-05,115.2,115.8,110.8,114.2
2018-06-06,113.8,116.35,112.6,116.0
2018-06-07,116.45,118.2,115.55,117.25
2018-06-08,116.9,122.0,115.7,119.6
2018-06-11,118.7,123.95,118.7,123.1
2018-06-12,124.3,127.0,122.5,123.1
2018-06-13,122.9,123.65,119.1,119.35
2018-06-14,118.9,121.3,118.1,119.75
2018-06-15,119.9,122.4,119.2,121.75
2018-06-18,120.1,123.85,119.0,123.15
2018-06-19,122.0,123.1,119.5,122.65
2018-06-20,122.0,123.7,120.1,121.35
2018-06-21,121.3,121.65,120.1,120.75
2018-06-22,120.55,120.85,119.2,119.8
2018-06-25,119.1,119.5,118.0,118.75
2018-06-26,118.75,118.75,116.75,117.1
2018-06-27,117.05,117.1,111.75,114.5
2018-06-28,113.5,113.5,111.5,112.25
2018-06-29,112.25,113.9,111.9,112.95
2018-07-02,113.5,113.5,110.0,111.9
2018-07-03,112.0,134.0,110.5,126.15
2018-07-04,125.45,125.6,118.5,119.2
2018-07-05,117.8,123.2,115.8,118.1
2018-07-06,118.0,121.4,117.1,118.35
2018-07-09,119.05,123.0,118.25,119.15
2018-07-10,120.0,121.4,118.5,118.95
2018-07-11,119.95,120.9,117.4,118.75
2018-07-12,119.5,120.4,117.15,117.9
2018-07-13,117.9,118.25,115.0,115.35
2018-07-16,115.55,116.2,109.0,109.7
2018-07-17,110.0,113.1,109.0,112.55
2018-07-18,112.6,113.7,109.55,110.6
2018-07-19,111.0,111.35,108.25,108.8
2018-07-20,108.8,109.6,107.7,108.8
2018-07-23,108.8,111.45,108.5,110.1
2018-07-24,110.5,113.4,110.25,113.0
2018-07-25,113.8,115.4,113.0,114.4
2018-07-26,114.9,115.95,113.1,114.1
2018-07-27,111.0,113.75,111.0,112.7
2018-07-30,112.7,116.95,112.5,114.25
2018-07-31,114.25,116.5,112.8,114.05
2018-08-01,114.1,115.85,113.5,114.2
2018-08-02,114.2,115.5,113.5,113.85
2018-08-03,114.25,114.95,113.0,113.35
2018-08-06,114.15,114.6,113.0,113.3
2018-08-07,113.45,113.85,111.8,112.4
2018-08-08,113.0,113.4,111.9,112.4
2018-08-09,112.65,113.25,112.15,112.5
2018-08-10,112.75,112.9,111.0,111.25
2018-08-13,111.4,111.4,110.0,110.25
2018-08-14,110.85,112.8,110.5,111.15
2018-08-16,111.85,112.8,108.7,110.0
2018-08-17,110.55,111.9,110.0,111.1
2018-08-20,110.4,111.45,109.55,110.1
2018-08-21,110.2,116.8,109.35,114.75
2018-08-23,115.0,115.3,112.15,112.9
2018-08-24,113.4,113.4,111.55,112.05
2018-08-27,112.15,113.7,111.65,111.9
2018-08-28,111.2,113.4,111.2,112.2
2018-08-29,112.0,116.2,111.8,113.8
2018-08-30,114.1,116.9,112.8,115.2
2018-08-31,115.7,118.0,112.9,116.9
2018-09-03,116.7,119.7,116.0,116.3
2018-09-04,116.95,116.95,111.45,111.9
2018-09-05,112.45,113.4,109.3,112.35
2018-09-06,112.6,113.45,111.4,112.35
2018-09-07,112.5,114.4,111.65,112.75
2018-09-10,112.1,115.8,112.0,112.35
2018-09-11,112.55,113.15,110.25,111.05
2018-09-12,112.0,112.5,108.0,110.15
2018-09-14,111.0,114.35,111.0,112.7
2018-09-17,112.1,113.65,110.75,111.4
2018-09-18,111.3,113.4,110.1,110.4
2018-09-19,111.0,112.05,109.0,109.45
2018-09-21,110.2,110.25,99.0,106.0
2018-09-24,106.0,106.55,99.55,101.65
2018-09-25,100.25,102.85,99.35,101.6
2018-09-26,102.4,102.55,100.2,100.6
2018-09-27,100.6,102.4,99.4,100.25
2018-09-28,100.15,100.85,95.2,97.0
2018-10-01,97.2,97.75,91.95,95.5
2018-10-03,96.0,102.4,95.4,98.4
2018-10-04,97.9,99.5,96.0,97.25
2018-10-05,96.2,97.65,94.5,95.1
2018-10-08,95.0,96.6,93.25,94.15
2018-10-09,94.4,94.7,92.5,93.15
2018-10-10,93.05,96.45,93.05,95.5
2018-10-11,93.0,95.4,92.05,93.95
2018-10-12,95.5,96.7,94.65,95.35
2018-10-15,97.3,101.75,95.5,100.9
2018-10-16,102.85,105.7,102.5,103.4
2018-10-17,104.0,104.25,100.55,100.75
2018-10-19,99.95,101.0,98.3,99.05
2018-10-22,99.95,100.2,96.5,97.45
2018-10-23,96.35,96.8,95.55,96.35
2018-10-24,96.5,98.35,95.4,96.15
2018-10-25,95.0,95.8,94.0,94.7
2018-10-26,95.55,96.1,93.55,94.4
2018-10-29,94.1,96.6,93.55,96.15
2018-10-30,95.9,98.0,95.65,96.25
2018-10-31,96.9,96.9,94.5,95.65
2018-11-01,96.0,98.25,95.4,97.05
2018-11-02,98.1,99.3,96.3,97.2
2018-11-05,96.95,98.9,96.1,97.8
2018-11-06,98.0,98.7,95.4,96.5
2018-11-07,97.0,98.4,96.1,97.85
2018-11-09,97.3,99.0,97.1,98.4
2018-11-12,98.55,99.75,98.0,98.25
2018-11-13,97.8,98.15,96.25,97.25
2018-11-14,97.4,100.7,97.0,99.15
2018-11-15,99.15,99.35,97.65,98.45
2018-11-16,98.25,99.0,97.25,98.1
2018-11-19,98.0,98.55,97.0,98.15
2018-11-20,97.95,100.0,97.6,98.05
2018-11-21,97.95,99.35,97.5,98.25
2018-11-22,98.3,98.3,95.8,95.95
2018-11-26,96.05,96.7,94.85,95.4
2018-11-27,95.1,96.0,94.5,95.55
2018-11-28,95.45,95.95,94.55,94.95
2018-11-29,95.0,95.35,93.2,94.55
2018-11-30,94.55,94.95,94.0,94.25
2018-12-03,94.25,95.5,93.6,94.75
2018-12-04,94.85,97.45,94.0,94.85
2018-12-05,94.6,95.2,93.8,94.0
2018-12-06,94.4,94.7,92.7,93.35
2018-12-07,94.3,94.3,92.5,92.75
2018-12-10,92.35,92.35,90.55,90.75
2018-12-11,89.95,91.3,89.3,91.0
2018-12-12,91.6,92.5,90.65,92.1
2018-12-13,92.35,93.6,92.25,92.85
2018-12-14,92.9,92.9,91.5,92.35
2018-12-17,92.5,95.8,92.1,94.8
2018-12-18,94.5,96.4,94.0,95.9
2018-12-19,96.4,97.2,94.9,95.75
2018-12-20,95.3,95.55,93.5,93.8
2018-12-21,93.6,96.3,93.3,94.75
2018-12-24,95.5,95.8,94.15,95.45
2018-12-26,95.5,96.35,94.1,95.25
2018-12-27,95.35,95.95,94.85,95.4
2018-12-28,95.2,98.5,95.15,97.1
2018-12-31,97.3,98.25,96.95,97.3
2019-01-01,97.35,100.05,96.75,98.75
2019-01-02,98.1,99.55,96.75,97.25
2019-01-03,97.25,97.4,95.6,97.05
2019-01-04,97.05,99.65,95.5,97.4
2019-01-07,97.7,98.3,96.4,97.0
2019-01-08,97.0,98.3,96.2,97.35
2019-01-09,97.6,98.95,97.0,97.55
2019-01-10,97.1,99.55,97.0,99.15
2019-01-11,99.7,100.85,98.5,99.2
2019-01-14,99.0,102.5,97.05,101.0
2019-01-15,101.0,101.7,99.5,100.05
2019-01-16,100.15,100.75,99.1,99.5
2019-01-17,99.5,100.65,98.5,98.7
2019-01-18,99.65,99.65,97.35,97.75
2019-01-21,97.95,98.4,94.8,95.25
2019-01-22,94.85,95.4,91.3,92.15
2019-01-23,92.9,93.55,91.8,92.5
2019-01-24,96.0,97.5,93.15,93.8
2019-01-25,94.8,95.95,92.15,92.6
2019-01-28,92.0,92.65,90.05,91.4
2019-01-29,91.55,91.55,90.05,90.85
2019-01-30,88.95,89.9,87.15,88.85
2019-01-31,88.9,90.7,88.85,90.15
2019-02-01,91.0,91.0,89.1,89.35
2019-02-04,88.35,89.45,88.0,88.35
2019-02-05,88.1,88.25,86.5,86.75
2019-02-06,87.1,87.2,84.1,85.3
2019-02-07,85.9,87.2,84.9,86.75
2019-02-08,86.55,86.55,84.35,84.8
2019-02-11,84.8,84.8,83.5,83.9
2019-02-12,83.9,84.75,83.05,84.35
2019-02-13,84.35,84.45,83.2,83.4
2019-02-14,83.25,83.35,82.05,83.0
2019-02-15,83.1,83.6,81.55,82.45
2019-02-18,82.45,82.45,81.0,81.2
2019-02-19,81.2,82.0,80.55,81.45
2019-02-20,81.7,82.5,81.1,81.7
2019-02-21,82.1,84.75,81.7,83.1
2019-02-22,83.15,85.1,82.9,84.15
2019-02-25,84.9,86.4,83.5,85.2
2019-02-26,85.25,85.25,82.15,84.0
2019-02-27,85.2,85.6,83.1,83.7
2019-02-28,84.2,84.4,83.5,83.9
2019-03-01,84.0,86.0,83.75,85.8
2019-03-05,86.1,90.0,86.1,89.55
2019-03-06,91.05,93.6,89.5,91.2
2019-03-07,91.5,91.95,89.8,90.2
2019-03-08,92.0,93.0,90.25,90.95
2019-03-11,91.0,95.95,91.0,92.6
2019-03-12,93.4,94.8,92.7,93.05
2019-03-13,93.25,93.8,91.6,92.15
2019-03-14,92.0,99.65,92.0,95.5
2019-03-15,95.4,96.95,94.0,94.25
2019-03-18,94.1,95.5,93.0,93.6
2019-03-19,93.7,97.1,93.15,95.9
2019-03-20,96.7,96.7,94.0,94.3
2019-03-22,94.2,94.7,92.65,92.9
2019-03-25,92.5,92.5,90.05,90.25
2019-03-26,90.85,91.5,89.1,89.8
2019-03-27,89.8,91.8,89.4,90.1
2019-03-28,90.2,91.2,89.55,89.85
2019-03-29,90.25,91.4,89.55,90.2
2019-04-01,90.6,93.25,90.6,92.55
2019-04-02,93.0,95.65,92.55,93.7
2019-04-03,93.75,95.3,92.5,92.75
2019-04-04,93.25,93.4,90.1,90.8
2019-04-05,91.9,92.8,91.0,91.85
2019-04-08,92.7,92.7,90.8,91.15
2019-04-09,91.7,91.8,90.15,91.1
2019-04-10,91.1,92.3,90.8,91.1
2019-04-11,91.5,92.25,90.6,91.9
2019-04-12,91.9,93.1,91.4,92.45
2019-04-15,93.7,93.7,92.2,92.5
2019-04-16,92.95,93.8,92.3,92.9
2019-04-18,93.2,93.2,91.4,92.0
2019-04-22,94.0,95.4,92.05,92.6
2019-04-23,92.5,93.35,90.4,91.0
2019-04-24,91.5,92.1,90.65,91.2
2019-04-25,90.65,91.5,90.5,90.7
2019-04-26,90.2,91.45,90.2,90.5
2019-04-30,90.25,90.65,88.55,89.0
2019-05-02,89.2,89.2,87.5,87.85
2019-05-03,88.75,88.8,86.5,86.85
2019-05-06,86.2,87.3,85.8,86.85
2019-05-07,87.9,87.9,85.5,85.75
2019-05-08,86.9,86.9,84.6,85.6
2019-05-09,85.4,86.65,84.65,86.05
2019-05-10,86.0,86.8,85.65,85.95
2019-05-13,87.2,87.5,84.0,84.3
2019-05-14,84.55,85.25,82.05,83.75
2019-05-15,84.55,88.0,83.95,85.35
2019-05-16,86.75,91.6,84.3,87.85
2019-05-17,87.35,89.35,86.2,87.65
2019-05-20,88.65,92.45,86.5,90.85
2019-05-21,90.95,91.85,88.65,89.25
2019-05-22,89.25,89.65,87.55,89.2
2019-05-23,90.05,91.8,87.35,88.1
2019-05-24,88.1,89.9,88.1,89.4
2019-05-27,89.9,92.7,89.55,91.5
2019-05-28,92.15,93.65,91.5,91.85
2019-05-29,92.25,93.0,91.0,91.2
2019-05-30,91.2,91.2,89.55,89.7
2019-05-31,90.05,90.9,89.0,89.75
2019-06-03,89.75,92.25,89.15,90.9
2019-06-04,90.9,92.95,90.75,91.15
2019-06-06,91.15,91.35,89.0,89.25
2019-06-07,89.0,89.7,87.75,88.7
2019-06-10,72.0,89.75,72.0,86.65
2019-06-11,87.0,87.85,86.35,86.6
2019-06-12,86.6,86.9,85.5,86.25
2019-06-13,86.0,86.0,84.45,85.05
2019-06-14,85.3,85.6,83.2,83.5
2019-06-17,84.0,84.7,82.6,82.85
2019-06-18,83.0,83.1,80.75,81.55
2019-06-19,82.0,82.55,75.0,77.1
2019-06-20,77.1,80.9,76.15,80.25
2019-06-21,80.95,83.85,79.0,81.65
2019-06-24,80.55,81.6,78.4,79.7
2019-06-25,79.5,80.9,78.2,80.05
2019-06-26,79.6,83.25,78.1,82.45
2019-06-27,83.15,84.8,81.75,82.9
2019-06-28,82.75,83.1,81.45,82.15
2019-07-01,82.0,82.5,81.0,81.55
2019-07-02,81.55,82.0,81.2,81.75
2019-07-03,81.55,81.9,79.5,79.9
2019-07-04,79.7,80.45,78.8,79.2
2019-07-05,79.0,79.7,78.55,79.2
2019-07-08,79.5,79.75,76.3,76.85
2019-07-09,76.1,78.75,76.1,78.05
2019-07-10,78.25,78.7,76.45,77.2
2019-07-11,77.0,77.5,76.25,77.1
2019-07-12,77.1,78.4,76.35,77.7
2019-07-15,78.0,79.5,76.45,78.0
2019-07-16,77.2,78.0,76.65,77.6
2019-07-17,77.8,79.25,77.1,78.45
2019-07-18,78.95,78.95,76.75,77.15
2019-07-19,77.2,77.45,75.5,76.4
2019-07-22,76.1,76.75,74.45,75.3
2019-07-23,76.3,76.3,74.3,74.55
2019-07-24,74.6,74.95,73.2,73.4
2019-07-25,73.5,75.25,71.2,74.5
2019-07-26,75.0,78.7,74.1,76.4
2019-07-29,77.05,77.2,74.6,75.35
2019-07-30,76.4,76.4,72.15,74.6
2019-07-31,74.85,75.95,72.0,75.15
2019-08-01,75.0,76.6,74.05,75.3
2019-08-02,74.6,74.75,72.5,73.3
2019-08-05,73.0,73.2,70.0,70.65
2019-08-06,70.1,72.95,70.1,72.4
2019-08-07,72.0,73.5,71.2,71.75
2019-08-08,71.55,72.25,70.5,71.45
2019-08-09,71.45,73.75,71.4,73.5
2019-08-13,73.2,73.5,72.0,72.6
2019-08-14,72.0,73.95,71.1,73.2
2019-08-16,73.8,74.0,71.7,73.4
2019-08-19,72.7,74.05,72.2,72.85
2019-08-20,73.2,74.7,70.0,72.2
2019-08-21,72.85,72.85,70.55,71.15
2019-08-22,70.55,70.95,68.6,68.8
2019-08-23,69.45,70.35,67.1,69.75
2019-08-26,70.1,71.0,69.1,70.45
2019-08-27,70.9,72.65,70.3,72.1
2019-08-28,72.2,78.0,71.45,75.5
2019-08-29,75.2,76.0,72.85,73.8
2019-08-30,73.5,76.9,72.9,75.2
2019-09-03,75.0,75.0,73.15,74.1
2019-09-04,73.0,74.1,72.45,73.15
2019-09-05,72.8,74.05,72.8,73.7
2019-09-06,73.95,74.85,73.45,74.35
2019-09-09,74.5,75.25,73.25,74.85
2019-09-11,74.1,81.4,74.1,79.6
2019-09-12,79.1,82.0,78.3,79.4
2019-09-13,79.1,81.45,78.25,80.2
2019-09-16,79.8,83.25,79.1,81.1
2019-09-17,81.5,82.7,78.2,78.85
2019-09-18,80.1,81.2,79.3,80.2
2019-09-19,80.0,82.9,79.75,80.65
2019-09-20,82.0,82.8,80.2,81.6
2019-09-23,81.65,84.8,81.0,82.3
2019-09-24,82.35,83.8,81.3,81.75
2019-09-25,81.6,81.85,79.7,81.05
2019-09-26,81.65,81.75,80.55,80.8
2019-09-27,80.3,81.45,79.25,79.7
2019-09-30,79.95,79.95,76.65,77.25
2019-10-01,77.55,77.65,74.0,74.65
2019-10-03,74.8,75.7,74.0,74.3
2019-10-04,75.15,75.15,73.0,73.5
2019-10-07,74.1,74.2,72.55,72.8
2019-10-09,72.85,73.3,71.6,73.0
2019-10-10,73.0,75.5,72.55,74.65
2019-10-11,75.75,75.75,74.25,75.05
2019-10-14,75.4,75.85,74.5,74.95
2019-10-15,75.0,76.4,74.15,75.9
2019-10-16,75.85,76.15,74.75,75.1
2019-10-17,74.55,75.45,74.05,75.1
2019-10-18,75.3,77.35,74.7,76.65
2019-10-22,76.65,77.65,75.8,76.25
2019-10-23,76.5,79.2,75.75,76.9
2019-10-24,77.55,79.2,76.8,77.25
2019-10-25,77.6,77.95,76.15,77.15
2019-10-27,79.0,79.0,77.7,78.6
2019-10-29,82.0,83.85,81.05,81.7
2019-10-30,82.4,85.7,81.6,83.5
2019-10-31,84.15,87.0,83.45,85.4
2019-11-01,86.4,87.0,85.05,85.3
2019-11-04,86.0,87.4,85.5,86.05
2019-11-05,86.9,86.9,83.1,83.55
2019-11-06,83.55,84.0,82.3,82.75
2019-11-07,83.1,84.9,82.05,83.2
2019-11-08,83.4,88.2,82.55,83.9
2019-11-11,84.6,85.05,83.65,84.25
2019-11-13,83.95,84.95,81.2,81.6
2019-11-14,81.8,82.4,81.1,81.45
2019-11-15,81.5,82.9,80.05,80.4
2019-11-18,80.35,81.2,79.0,79.7
2019-11-19,80.7,81.9,79.4,80.2
2019-11-20,80.65,81.5,79.15,79.55
2019-11-21,79.9,83.5,79.4,82.7
2019-11-22,82.0,84.9,81.9,84.1
2019-11-25,85.0,85.8,83.3,83.65
2019-11-26,84.3,85.25,83.1,83.6
2019-11-27,84.4,87.3,82.8,86.15
2019-11-28,85.5,89.5,85.4,87.1
2019-11-29,86.5,90.3,86.5,88.9
2019-12-02,89.3,93.7,88.15,92.85
2019-12-03,93.7,97.0,93.3,95.5
2019-12-04,93.3,97.0,93.0,96.25
2019-12-05,98.85,99.0,94.5,96.1
2019-12-06,96.55,98.3,95.65,97.7
2019-12-09,98.4,98.45,94.3,94.75
2019-12-10,96.2,96.2,92.0,93.5
2019-12-11,94.7,96.5,92.25,93.4
2019-12-12,93.95,95.45,93.3,94.0
2019-12-13,94.5,95.05,93.2,94.0
2019-12-16,94.4,94.5,92.3,92.95
2019-12-17,94.0,97.5,93.45,95.2
2019-12-18,94.4,95.05,91.2,91.8
2019-12-19,91.0,92.75,90.1,92.2
2019-12-20,92.6,93.0,91.35,91.8
2019-12-23,91.0,93.25,91.0,91.6
2019-12-24,91.6,93.0,91.15,91.65
2019-12-26,91.7,92.4,91.55,91.75
2019-12-27,91.9,92.3,91.2,91.85
2019-12-30,92.3,92.45,91.05,92.05
2019-12-31,92.0,94.25,91.2,92.1
2020-01-01,92.5,92.7,91.3,91.5
2020-01-02,91.9,93.25,91.55,92.45
2020-01-03,92.7,96.2,92.5,93.9
2020-01-06,92.75,93.25,90.1,90.35
2020-01-07,91.05,92.55,90.5,91.55
2020-01-08,91.0,91.55,88.6,89.15
2020-01-09,90.3,92.8,90.0,91.45
2020-01-10,91.8,93.95,91.8,93.3
2020-01-13,95.0,99.85,94.3,97.55
2020-01-14,97.75,102.95,97.05,100.35
2020-01-15,100.5,101.55,99.5,99.9
2020-01-16,99.9,104.0,99.85,101.95
2020-01-17,102.9,103.85,98.5,99.35
2020-01-20,99.35,102.8,98.85,100.45
2020-01-21,99.5,106.95,99.5,102.95
2020-01-22,103.95,105.35,101.05,102.3
2020-01-23,102.9,105.45,102.55,103.9
2020-01-24,103.75,105.4,102.55,103.3
2020-01-27,102.8,104.55,101.5,102.0
2020-01-28,102.5,103.65,98.0,99.35
2020-01-29,106.1,107.8,102.6,103.35
2020-01-30,103.95,104.0,99.05,99.95
2020-01-31,100.5,100.8,97.4,98.1
2020-02-01,97.35,97.55,93.1,93.7
2020-02-03,93.7,94.15,91.35,92.85
2020-02-04,93.5,98.15,93.0,97.3
2020-02-05,98.1,102.0,97.55,99.4
2020-02-06,100.3,100.4,98.0,98.3
2020-02-07,98.0,99.4,97.15,98.7
2020-02-10,98.75,98.75,96.3,97.2
2020-02-11,97.5,98.7,95.05,95.55
2020-02-12,95.6,97.8,94.7,97.05
2020-02-13,97.5,97.5,94.8,95.1
2020-02-14,94.8,96.1,93.55,94.1
2020-02-17,94.25,94.9,91.4,91.75
2020-02-18,91.5,91.75,89.55,91.05
2020-02-19,91.1,96.0,91.1,95.2
2020-02-20,95.4,96.6,93.75,94.25
2020-02-24,93.0,95.4,92.3,92.65
2020-02-25,92.35,94.2,91.0,91.7
2020-02-26,90.9,91.4,89.7,89.95
2020-02-27,89.95,90.05,85.15,86.25
2020-02-28,83.0,83.75,80.0,80.65
2020-03-02,81.7,83.0,77.05,78.6
2020-03-03,78.95,80.35,78.3,79.45
2020-03-04,80.0,82.5,78.45,80.45
2020-03-05,81.0,83.5,78.55,79.7
2020-03-06,73.15,77.0,73.15,76.45
2020-03-09,74.85,74.9,70.0,71.8
2020-03-11,72.85,74.5,70.95,71.45
2020-03-12,70.0,70.0,65.8,66.8
2020-03-13,58.2,68.75,53.45,66.8
2020-03-16,64.0,67.8,62.8,64.3
2020-03-17,64.45,66.0,62.8,63.1
2020-03-18,63.6,65.4,60.0,60.7
2020-03-19,58.0,60.5,56.0,58.7
2020-03-20,58.75,60.9,58.15,59.8
2020-03-23,56.0,56.0,48.15,51.65
2020-03-24,53.65,54.25,49.0,49.4
2020-03-25,49.4,50.9,48.0,50.5
2020-03-26,50.25,57.0,50.25,54.1
2020-03-27,59.0,59.0,53.4,54.6
2020-03-30,53.6,58.2,52.4,55.0
2020-03-31,57.0,57.4,55.7,56.15
2020-04-01,57.8,57.95,54.0,54.8
2020-04-03,55.85,56.3,54.0,54.3
2020-04-07,57.0,59.0,55.3,58.5
2020-04-08,58.5,61.65,57.5,59.8
2020-04-09,64.7,69.0,62.35,68.1
2020-04-13,70.5,74.8,70.0,71.25
2020-04-15,72.5,74.2,69.3,70.1
2020-04-16,70.05,71.9,69.7,70.75
2020-04-17,72.2,72.95,70.6,71.2
2020-04-20,72.55,75.4,71.3,73.9
2020-04-21,73.0,73.0,70.2,70.55
2020-04-22,70.55,70.9,68.7,70.0
2020-04-23,71.7,72.85,69.3,70.85
2020-04-24,70.55,72.75,70.15,70.2
2020-04-27,72.0,72.0,70.3,70.8
2020-04-28,71.15,76.0,70.55,73.95
2020-04-29,73.15,76.75,73.15,75.25
2020-04-30,76.25,82.7,75.5,78.5
2020-05-04,74.0,76.5,74.0,75.95
2020-05-05,77.9,79.95,77.05,77.7
2020-05-06,79.8,79.8,76.1,76.95
2020-05-07,76.95,76.95,74.0,74.55
2020-05-08,75.0,75.5,72.15,72.5
2020-05-11,72.8,73.5,71.8,72.05
2020-05-12,71.85,71.85,69.0,70.75
2020-05-13,73.7,73.95,71.65,72.55
2020-05-14,71.5,73.15,71.15,71.5
2020-05-15,72.2,74.8,71.0,72.2
2020-05-18,72.8,72.9,69.25,70.15
2020-05-19,70.8,72.5,69.85,71.15
2020-05-20,71.2,71.95,70.65,71.2
2020-05-21,71.4,73.2,70.55,71.3
2020-05-22,70.5,72.2,70.5,71.05
2020-05-26,71.35,73.95,71.35,73.15
2020-05-27,73.75,74.9,72.0,73.85
2020-05-28,74.45,74.7,73.5,74.0
2020-05-29,73.7,75.3,72.1,74.55
2020-06-01,76.4,76.4,73.75,74.65
2020-06-02,75.7,75.85,75.05,75.2
2020-06-03,74.9,77.4,74.9,76.0
2020-06-04,75.95,77.85,75.8,76.3
2020-06-05,76.15,79.85,76.15,79.3
2020-06-08,80.4,82.0,78.85,79.5
2020-06-09,80.55,81.0,77.95,78.35
2020-06-10,78.4,84.6,78.4,82.05
2020-06-11,82.7,90.5,82.25,85.25
2020-06-12,82.4,86.5,78.75,83.55
2020-06-15,83.55,84.9,81.15,81.9
2020-06-16,82.95,86.95,78.4,85.15
2020-06-17,84.5,87.0,83.5,84.9
2020-06-18,84.8,87.2,84.45,85.0
2020-06-19,85.0,87.15,83.6,84.35
2020-06-22,85.75,85.9,83.7,84.05
2020-06-23,84.2,84.85,83.5,84.15
2020-06-24,84.65,86.2,83.6,84.1
2020-06-25,84.0,85.0,83.1,84.25
2020-06-26,85.0,85.8,83.4,83.6
2020-06-29,83.15,83.4,82.0,82.25
2020-06-30,82.35,84.5,81.5,81.95
2020-07-01,81.5,82.7,81.05,81.95
2020-07-02,82.25,82.7,81.55,81.9
2020-07-03,82.05,85.45,82.05,84.35
2020-07-06,85.8,87.85,85.05,86.6
2020-07-07,86.7,87.0,85.05,85.65
2020-07-08,86.4,88.8,85.35,87.7
2020-07-09,88.4,89.25,87.0,87.25
2020-07-10,86.95,87.8,82.6,83.0
2020-07-13,83.15,84.45,79.6,80.3
2020-07-14,80.2,81.3,77.7,78.0
2020-07-15,79.0,80.7,78.4,79.0
2020-07-16,79.15,80.0,78.55,79.2
2020-07-17,79.8,81.35,79.05,80.1
2020-07-20,80.9,81.0,79.55,80.05
2020-07-21,82.0,82.0,80.25,80.55
2020-07-22,80.4,81.5,80.25,80.55
2020-07-23,81.4,84.25,81.1,82.6
2020-07-24,82.0,84.45,82.0,83.15
2020-07-27,84.0,84.0,81.25,81.9
2020-07-28,82.45,84.0,81.9,83.3
2020-07-29,96.65,96.65,91.3,93.1
2020-07-30,94.0,95.5,93.0,93.55
2020-07-31,93.4,94.0,89.55,90.55
2020-08-03,90.35,95.0,89.05,93.1
2020-08-04,93.5,96.5,93.45,95.5
2020-08-05,97.15,98.7,96.15,96.85
2020-08-06,96.05,102.3,96.05,100.6
2020-08-07,100.5,106.9,99.1,106.2
2020-08-10,107.25,110.4,107.0,109.0
2020-08-11,110.0,111.5,103.9,105.45
2020-08-12,105.35,106.95,102.7,106.4
2020-08-13,107.0,110.2,106.5,108.7
2020-08-14,109.45,109.8,103.1,105.5
2020-08-17,106.5,107.1,104.4,104.85
2020-08-18,105.75,108.75,105.1,107.7
2020-08-19,108.4,116.65,107.15,115.6
2020-08-20,115.0,117.9,114.1,115.45
2020-08-21,115.45,118.45,115.45,116.3
2020-08-24,117.35,119.9,116.3,116.75
2020-08-25,117.5,117.65,112.9,113.6
2020-08-26,114.0,118.75,113.75,117.65
2020-08-27,117.2,119.6,116.5,117.4
2020-08-28,117.75,118.3,115.0,115.45
2020-08-31,116.5,116.95,107.4,108.85
2020-09-01,108.7,110.5,105.45,108.7
2020-09-02,109.75,112.95,109.0,112.25
2020-09-03,113.0,116.85,112.25,114.3
2020-09-04,111.3,114.1,111.05,112.25
2020-09-07,113.3,114.6,108.55,109.5
2020-09-08,109.9,110.9,106.75,107.2
2020-09-09,106.15,106.9,103.35,106.1
2020-09-10,107.0,108.0,106.35,107.25
2020-09-11,107.25,110.6,106.9,109.35
2020-09-14,111.5,112.65,110.0,111.8
2020-09-15,112.75,112.9,111.3,111.85
2020-09-16,112.2,114.2,110.6,110.9
2020-09-17,111.8,114.4,110.75,111.65
2020-09-18,112.25,112.8,108.75,111.85
2020-09-21,111.8,112.9,104.9,105.55
2020-09-22,104.5,105.0,100.35,103.0
2020-09-23,103.2,104.85,99.85,101.6
2020-09-24,99.5,101.7,97.7,98.4
2020-09-25,100.1,103.85,100.1,101.7
2020-09-28,102.75,105.4,102.7,104.5
2020-09-29,106.0,106.5,103.8,104.5
2020-09-30,105.4,106.0,103.5,104.6
2020-10-01,106.2,109.5,104.55,105.15
2020-10-05,105.9,106.8,104.5,105.05
2020-10-06,105.9,106.4,104.45,104.95
2020-10-07,104.15,105.25,103.35,103.75
2020-10-08,104.7,104.7,102.5,103.1
2020-10-09,103.7,104.3,102.25,103.95
2020-10-12,105.0,105.0,102.2,102.85
2020-10-13,103.3,104.2,101.4,102.05
2020-10-14,102.95,102.95,100.1,101.2
2020-10-15,102.3,102.75,100.0,100.3
2020-10-16,100.45,101.6,99.4,100.35
2020-10-19,101.4,103.95,100.8,102.9
2020-10-20,103.45,104.5,102.25,103.8
2020-10-21,104.3,107.4,101.5,101.9
2020-10-22,101.9,106.9,101.6,105.65
2020-10-23,106.7,110.6,105.4,109.1
2020-10-26,110.35,110.75,104.7,108.35
2020-10-27,108.0,113.4,107.0,109.55
2020-10-28,109.85,110.5,107.2,109.3
2020-10-29,104.0,107.6,101.0,101.45
2020-10-30,102.35,103.45,99.7,101.6
2020-11-02,102.0,102.95,99.3,99.85
2020-11-03,100.5,101.8,99.05,99.75
2020-11-04,100.9,101.0,99.2,100.4
2020-11-05,100.9,104.2,100.3,102.6
2020-11-06,102.8,103.95,100.75,101.45
2020-11-09,103.45,103.45,102.0,102.9
2020-11-10,103.25,103.25,101.1,102.3
2020-11-11,102.8,102.9,100.75,101.45
2020-11-12,101.9,103.2,101.4,102.55
2020-11-13,103.25,103.95,101.8,102.15
2020-11-14,103.4,103.6,102.0,103.3
2020-11-17,104.05,104.3,102.4,102.65
2020-11-18,103.25,103.95,102.3,102.65
2020-11-19,102.95,103.45,101.2,101.9
2020-11-20,102.4,103.6,102.15,102.5
2020-11-23,103.0,104.8,102.5,103.7
2020-11-24,103.9,104.55,103.6,103.9
2020-11-25,104.6,104.8,102.5,102.75
2020-11-26,103.0,103.8,101.35,102.6
2020-11-27,102.6,104.35,102.1,103.25
2020-12-01,103.8,107.85,103.2,105.25
2020-12-02,106.15,108.7,105.5,107.6
2020-12-03,108.65,109.9,108.6,109.1
2020-12-04,109.9,110.4,105.55,107.3
2020-12-07,107.35,112.5,107.35,111.1
2020-12-08,112.2,112.75,108.4,110.6
2020-12-09,111.7,113.9,110.55,112.2
2020-12-10,111.75,111.8,109.1,110.6
2020-12-11,111.0,112.3,108.3,109.05
2020-12-14,109.65,110.7,108.1,108.5
2020-12-15,108.6,108.7,106.3,108.15
2020-12-16,108.25,109.4,108.25,108.6
2020-12-17,108.95,111.75,108.45,109.2
2020-12-18,109.7,110.2,107.7,108.5
2020-12-21,108.2,109.0,99.0,101.55
2020-12-22,102.0,104.2,98.4,103.05
2020-12-23,103.05,107.25,102.5,106.65
2020-12-24,107.45,107.55,103.9,104.65
2020-12-28,105.4,106.8,105.0,105.95
2020-12-29,106.8,107.35,105.1,105.95
2020-12-30,106.0,106.75,105.0,105.55
2020-12-31,105.1,105.85,104.15,104.65
2021-01-01,105.05,108.7,103.5,107.95
2021-01-04,109.0,110.0,107.55,108.7
2021-01-05,107.55,108.7,106.5,107.85
2021-01-06,108.0,108.85,106.0,106.65
2021-01-07,107.55,107.65,105.9,106.2
2021-01-08,107.0,108.2,105.65,106.3
2021-01-11,107.5,108.5,106.1,106.95
2021-01-12,107.4,116.6,107.0,113.95
2021-01-13,115.85,120.0,113.35,115.85
2021-01-14,116.85,116.85,114.25,115.05
2021-01-15,114.75,115.85,111.0,112.6
2021-01-18,112.9,113.6,108.05,109.25
2021-01-19,109.55,113.4,109.55,111.45
2021-01-20,112.3,114.65,111.45,112.65
2021-01-21,113.6,117.3,113.05,114.05
2021-01-22,115.75,118.75,115.15,116.75
2021-01-25,118.7,121.5,115.05,116.65
2021-01-27,116.65,116.7,109.9,111.3
2021-01-28,111.3,116.0,111.3,112.65
2021-01-29,114.35,114.35,109.65,110.5
2021-02-01,111.2,113.9,108.5,112.45
2021-02-02,114.0,114.9,111.85,112.4
2021-02-03,113.4,114.5,112.1,113.0
2021-02-04,113.0,114.4,112.4,113.5
2021-02-05,113.95,114.35,111.05,111.3
2021-02-08,111.95,112.35,110.35,110.75
2021-02-09,111.5,112.35,109.6,109.95
2021-02-10,110.35,110.6,107.1,108.0
2021-02-11,108.0,109.8,107.7,108.35
2021-02-12,108.75,111.45,108.15,110.25
2021-02-15,110.65,111.1,109.0,109.25
2021-02-16,109.75,111.75,107.7,109.25
2021-02-17,111.0,112.65,107.1,107.35
2021-02-18,107.95,108.45,106.7,107.2
2021-02-19,107.2,107.7,104.7,105.35
2021-02-22,105.8,105.85,104.0,104.35
2021-02-23,105.1,109.3,104.8,108.4
2021-02-24,113.4,114.0,109.05,111.95
2021-02-25,111.95,119.4,111.65,118.5
2021-02-26,116.8,135.7,115.25,130.0
2021-03-01,133.0,136.95,129.2,131.75
2021-03-02,132.05,132.25,127.3,128.3
2021-03-03,129.0,135.4,126.4,132.05
2021-03-04,130.6,138.8,129.05,134.55
2021-03-05,134.0,136.8,127.5,128.45
2021-03-08,129.8,130.75,126.6,127.7
2021-03-09,128.5,130.9,125.0,126.2
2021-03-10,126.95,128.35,125.55,126.6
2021-03-12,127.45,133.6,126.1,131.7
2021-03-15,132.45,132.45,126.5,128.3
2021-03-16,129.15,130.55,126.3,127.25
2021-03-17,127.95,128.15,120.55,121.35
2021-03-18,122.5,124.7,117.25,119.3
2021-03-19,118.85,118.85,112.7,117.45
2021-03-22,118.4,118.95,115.3,116.5
2021-03-23,117.3,128.7,116.7,126.1
2021-03-24,124.8,125.9,119.2,120.05
2021-03-25,120.0,121.25,114.3,116.2
2021-03-26,117.8,124.0,116.75,121.15
2021-03-30,121.0,123.2,120.0,121.9
2021-03-31,121.45,122.3,118.85,119.95
2021-04-01,120.65,123.9,120.55,122.85
2021-04-05,122.85,122.85,117.5,121.1
2021-04-06,121.15,126.0,119.65,124.9
2021-04-07,125.6,130.5,125.2,127.55
2021-04-08,128.7,129.5,125.2,126.5
2021-04-09,127.35,127.5,124.5,125.6
2021-04-12,123.0,123.1,116.05,117.45
2021-04-13,119.15,121.5,116.6,117.55
2021-04-15,117.65,118.6,115.2,116.45
2021-04-16,117.1,119.75,116.75,119.05
2021-04-19,115.5,117.4,114.0,114.45
2021-04-20,115.25,117.4,114.25,115.8
2021-04-22,115.0,117.4,114.15,116.1
2021-04-23,115.2,126.75,115.2,125.05
2021-04-26,126.9,129.15,124.75,126.7
2021-04-27,128.05,128.8,125.8,126.95
2021-04-28,128.5,130.9,126.75,127.35
2021-04-29,129.7,130.8,126.4,127.8
2021-04-30,133.25,139.85,129.0,131.0
2021-05-03,130.85,139.45,127.4,137.7
2021-05-04,141.0,147.3,140.1,141.55
2021-05-05,143.4,145.65,140.55,142.55
2021-05-06,145.0,149.95,143.75,148.55
2021-05-07,150.0,154.7,144.05,153.1
2021-05-10,154.25,172.0,153.15,168.4
2021-05-11,165.75,180.9,161.15,172.4
2021-05-12,173.4,176.75,159.8,163.5
2021-05-14,165.85,169.2,157.55,160.4
2021-05-17,161.8,168.7,158.5,166.1
2021-05-18,167.85,168.6,160.0,161.6
2021-05-19,163.0,180.0,163.0,177.8
2021-05-20,181.25,185.85,179.1,183.25
2021-05-21,184.8,185.45,176.15,178.5
2021-05-24,180.0,181.4,172.25,178.7
2021-05-25,180.25,181.75,175.0,178.05
2021-05-26,178.4,181.5,176.05,178.65
2021-05-27,180.4,188.6,179.5,183.8
2021-05-28,184.6,185.5,177.0,179.85
2021-05-31,182.0,183.7,178.4,179.2
2021-06-01,180.0,181.35,172.65,174.25
2021-06-02,173.55,175.65,172.05,174.0
2021-06-03,176.9,178.7,175.6,176.7
2021-06-04,177.9,177.9,173.75,174.35
2021-06-07,176.4,176.65,173.0,174.35
2021-06-08,176.25,178.9,174.1,177.45
2021-06-09,179.0,184.7,176.25,178.75
2021-06-10,179.5,190.0,179.1,186.95
2021-06-11,187.2,193.4,186.3,188.6
2021-06-14,188.5,188.5,177.55,184.65
2021-06-15,184.15,186.5,180.8,181.8
2021-06-16,182.25,185.95,178.35,181.35
2021-06-17,179.6,183.2,177.5,178.45
2021-06-18,179.0,180.2,168.0,175.15
2021-06-21,170.05,175.95,168.65,174.05
2021-06-22,175.2,178.7,175.2,175.95
2021-06-23,177.3,177.3,173.1,174.2
2021-06-24,175.75,175.75,172.05,172.9
2021-06-25,173.05,178.95,172.2,177.8
2021-06-28,180.95,185.4,178.5,183.35
2021-06-29,185.1,189.0,184.55,185.75
2021-06-30,187.7,190.6,186.5,187.65
2021-07-01,188.6,189.0,183.0,184.55
2021-07-02,183.05,187.5,182.15,186.4
2021-07-05,187.85,198.35,187.85,192.45
2021-07-06,193.8,194.8,187.35,188.8
2021-07-07,187.8,193.95,185.4,192.85
2021-07-08,193.0,194.3,187.5,190.45
2021-07-09,190.45,192.5,187.7,189.9
2021-07-12,191.5,191.85,185.85,186.6
2021-07-13,188.6,193.95,186.2,192.2
2021-07-14,190.05,195.35,189.5,192.2
2021-07-15,192.5,194.25,191.0,192.15
2021-07-16,193.25,194.2,189.5,190.25
2021-07-19,190.4,191.4,187.5,189.1
2021-07-20,189.7,190.25,182.25,184.4
2021-07-22,192.0,202.0,190.65,199.0
2021-07-23,206.45,210.5,201.5,208.35
2021-07-26,209.0,218.3,208.5,215.5
2021-07-27,219.5,241.7,218.1,235.3
2021-07-28,238.9,246.7,208.3,215.1
2021-07-29,211.7,219.75,206.15,211.5
2021-07-30,211.5,218.3,210.2,212.5
2021-08-02,214.05,215.5,210.2,211.7
2021-08-03,212.45,213.55,205.0,206.75
2021-08-04,207.1,216.95,207.1,213.05
2021-08-05,213.0,213.0,207.65,209.1
2021-08-06,209.25,214.5,209.0,212.2
2021-08-09,211.9,213.7,206.3,207.9
2021-08-10,208.3,211.35,194.05,202.9
2021-08-11,203.95,204.6,192.05,196.5
2021-08-12,197.8,205.6,195.25,203.65
2021-08-13,204.35,207.9,202.55,206.1
2021-08-16,206.0,206.0,200.8,201.95
2021-08-17,202.0,202.2,197.5,200.5
2021-08-18,200.5,201.7,197.8,199.95
2021-08-20,197.0,197.85,186.3,189.2
2021-08-23,190.85,192.65,178.6,181.7
2021-08-24,182.0,199.8,179.75,196.6
2021-08-25,197.5,203.4,194.15,198.95
2021-08-26,198.9,201.2,194.45,195.95
2021-08-27,195.45,196.85,192.65,194.95
2021-08-30,196.8,200.8,196.0,198.95
2021-08-31,201.2,216.25,201.2,213.15
2021-09-01,214.0,214.25,207.9,211.1
2021-09-02,211.9,213.75,208.7,209.5
2021-09-03,210.0,211.25,206.4,207.6
2021-09-06,207.6,209.5,203.2,204.1
2021-09-07,211.35,217.0,209.6,212.45
2021-09-08,213.0,214.2,210.05,211.9
2021-09-09,211.0,211.7,208.2,210.75
2021-09-13,207.15,211.0,207.15,208.25
2021-09-14,210.0,210.35,207.5,208.2
2021-09-15,208.2,211.9,207.85,208.75
2021-09-16,209.75,214.9,207.95,212.35
2021-09-17,213.5,213.6,205.5,208.4
2021-09-20,207.9,209.35,201.1,202.2
2021-09-21,202.0,204.75,197.3,202.65
2021-09-22,205.9,208.45,204.55,205.8
2021-09-23,207.75,208.7,205.75,206.55
2021-09-24,209.5,209.5,202.75,203.4
2021-09-27,205.0,206.5,201.5,203.5
2021-09-28,204.45,204.5,201.0,202.2
2021-09-29,200.55,207.3,200.2,203.2
2021-09-30,204.0,206.35,203.0,203.55
2021-10-01,203.0,204.05,200.7,201.4
2021-10-04,206.0,209.7,204.65,205.55
2021-10-05,205.5,207.7,204.5,205.4
2021-10-06,206.0,218.9,204.1,212.95
2021-10-07,215.4,220.0,215.0,218.35
2021-10-08,221.0,223.5,218.0,218.9
2021-10-11,219.5,220.4,215.3,216.85
2021-10-12,217.3,229.6,216.5,227.85
2021-10-13,230.25,242.25,229.6,233.9
2021-10-14,236.0,237.8,227.8,230.45
2021-10-18,232.9,238.0,231.25,234.15
2021-10-19,241.0,254.4,230.25,235.8
2021-10-20,237.0,242.0,224.0,227.05
2021-10-21,229.8,231.2,223.05,225.3
2021-10-22,227.0,228.3,214.5,218.8
2021-10-25,218.9,222.05,207.7,212.3
2021-10-26,212.0,218.0,210.55,214.4
2021-10-27,216.4,220.25,213.3,214.4
2021-10-28,213.0,214.7,208.55,209.95
2021-10-29,210.0,212.0,203.8,207.9
2021-11-01,209.2,215.85,207.15,211.8
2021-11-02,213.5,215.35,211.1,213.55
2021-11-03,214.15,214.15,211.5,212.8
2021-11-04,214.5,216.5,213.0,215.85
2021-11-08,217.55,218.7,214.0,216.05
2021-11-09,216.05,221.5,215.55,218.75
2021-11-10,218.0,227.25,217.0,220.55
2021-11-11,221.2,224.25,218.4,219.7
2021-11-12,221.75,225.75,217.8,220.7
2021-11-15,224.9,227.8,222.45,225.6
2021-11-16,227.4,229.0,223.25,224.8
2021-11-17,227.0,231.4,226.95,228.85
2021-11-18,230.4,231.95,222.2,225.4
2021-11-22,225.0,225.0,211.7,213.85
2021-11-23,211.0,219.4,206.85,217.3
2021-11-24,219.35,223.0,215.8,216.6
2021-11-25,217.7,218.4,215.15,216.7
2021-11-26,215.0,215.25,206.95,208.05
2021-11-29,205.35,206.75,192.15,199.4
2021-11-30,199.95,207.0,199.95,202.85
2021-12-01,204.65,208.9,203.05,204.5
2021-12-02,205.7,206.0,203.4,205.35
2021-12-03,205.0,207.8,203.5,204.35
2021-12-06,206.9,206.9,202.0,202.5
2021-12-07,207.0,214.4,204.1,212.4
2021-12-08,213.0,215.8,210.5,213.5
2021-12-09,213.5,215.0,211.25,212.8
2021-12-10,213.0,219.25,212.1,216.45
2021-12-13,218.25,218.25,213.1,214.65
2021-12-14,214.7,214.7,211.65,212.95
2021-12-15,213.9,213.9,210.0,211.1
2021-12-16,213.0,213.0,207.0,207.8
2021-12-17,208.0,208.0,203.05,204.25
2021-12-20,200.0,200.0,190.3,194.55
2021-12-21,196.0,204.05,196.0,199.65
2021-12-22,202.9,207.8,201.35,205.0
2021-12-23,206.0,206.85,202.05,202.95
2021-12-24,203.9,203.9,199.35,201.0
2021-12-27,200.0,222.0,196.0,218.35
2021-12-28,219.65,220.45,211.55,212.35
